phase_group,sub_phase,district,province,floors,delay_category,labour_availability,material_supply,weather_severity,cumulative_delay,delay_risk,delay_days,cause_of_delay,corrective_action_taken,construction_status
Structure,Floor slabs,Kilinochchi,Northern Province,2,Financial & Funding,0.7,1,0.3,44,HIGH,90,NHDA resettlement grant released in instalments causing Kilinochchi work stoppages,Work phased carefully to match NHDA grant instalment disbursement schedule,Completed in phased approach
Structure,Floor slabs,Matara,Southern Province,2,Financial & Funding,0.88,1,0.26,19,HIGH,180,Construction costs exceeded budget due to 2022 material inflation in Matara,Phased construction approach adopted to manage available cash flow,Partially completed - roof level only
Pre-Construction & Approvals,BOQ preparation & tendering,Trincomalee,Eastern Province,1,Owner / Social / Behavioural,0.6,1,0.41,10,MEDIUM,45,Diaspora Trincomalee owner abroad unable to make timely decisions,Power of attorney given to local relative to manage project on-site,Completed after governance change
Envelope & Waterproofing,External rendering,Matara,Southern Province,1,Environmental & Site,0.8,1,0.77,59,HIGH,55,Coastal erosion near Matara beach site threatened external rendering stability,Retaining wall and rock armouring constructed on coastal site boundary,Completed with coastal protection measures
Structure,Columns & beams,Ampara,Eastern Province,1,Material Supply & Quality,0.83,0,0.36,44,HIGH,120,Cement and steel unavailable in Ampara during 2022 foreign exchange crisis,Bulk materials procured from Colombo at additional transport cost,Completed with significant cost overrun
Finishes,Tiling,Gampaha,Western Province,1,Labour,0.27,1,0.25,3,LOW,7,Skilled tiler unavailable locally for bathroom and kitchen tiling in Gampaha,Experienced tiler hired from Colombo for complete finishing phase,Completed
Pre-Construction & Approvals,BOQ preparation & tendering,Jaffna,Northern Province,1,Financial & Funding,0.64,1,0.38,12,MEDIUM,45,Bank housing loan disbursement delayed due to incomplete land documents in Jaffna,Documents rectified and emergency loan instalment released by bank,Completed after delay
Foundations,Foundation work,Mannar,Northern Province,1,Environmental & Site,0.88,1,0.73,15,MEDIUM,42,Saltwater intrusion from Mannar lagoon corroded steel reinforcement in foundation,Corrosion resistant marine grade steel used and affected sections replaced,Completed with additional cost
External Works & Handover,Boundary wall & gate,Jaffna,Northern Province,1,Land & Legal,0.84,1,0.37,12,MEDIUM,30,Deed gifted by parent not legally transferred before boundary wall construction,Deed of gift prepared and registered at Jaffna Land Registry office,Completed after legal documentation
Structure,Roof slab,Jaffna,Northern Province,2,Labour,0.27,1,0.36,16,MEDIUM,21,Wage disputes between owner and daily-wage labourers halted roof slab work,Wage agreement mediated by Grama Niladhari officer in Jaffna,Completed after negotiation
Foundations,Ground beams,Batticaloa,Eastern Province,2,Environmental & Site,0.88,1,0.92,9,MEDIUM,35,Batticaloa lagoon saltwater intrusion corroded steel in ground beams,Epoxy coated marine grade steel used as full replacement,Completed with additional cost
Foundations,Foundation work,Ampara,Eastern Province,1,Environmental & Site,0.85,1,0.83,18,MEDIUM,38,Saltwater intrusion from Ampara lagoon corroded reinforcement bars,Marine grade steel and epoxy coating used for complete replacement,Completed with additional cost
Pre-Construction & Approvals,Authority approvals,Trincomalee,Eastern Province,1,Land & Legal,0.75,1,0.36,49,HIGH,180,Land under military restriction in Trincomalee district gazette HSZ zone,Application submitted to Ministry of Defence for HSZ clearance,Suspended awaiting gazette release
MEP Rough-Ins,Plumbing & drainage,Trincomalee,Eastern Province,1,Material Supply & Quality,0.81,0,0.35,19,MEDIUM,35,Material delivery delays due to limited transport infrastructure in Trincomalee,Advance bulk ordering and warehouse storage at Trincomalee depot arranged,Completed after supply improvement
Structure,Roof slab,Hambantota,Southern Province,1,Material Supply & Quality,0.75,0,0.26,36,HIGH,75,Steel price increase during 2022 crisis halted Hambantota roof slab work,Structural steel quantity optimised by engineer and work resumed,Completed with cost reduction through optimisation
Foundations,Foundation work,Mullaitivu,Northern Province,1,Labour,0.27,1,0.34,11,MEDIUM,25,Extreme shortage of skilled construction workers in Mullaitivu post-war area,Workers recruited from Vavuniya and Kilinochchi with accommodation on site,Completed after delay
Pre-Construction & Approvals,Site selection & surveying,Hambantota,Southern Province,1,Land & Legal,0.76,1,0.23,6,MEDIUM,35,Land boundary dispute with neighbour delayed Hambantota site clearance and survey,Licensed boundary survey conducted and formal agreement signed,Completed after legal resolution
Foundations,Foundation work,Trincomalee,Eastern Province,1,Environmental & Site,0.9,1,0.86,5,MEDIUM,25,Northeast monsoon flooding inundated foundation excavation in Trincomalee,Pumps installed and drainage channel constructed along site perimeter,Completed after weather delay
Structure,Floor slabs,Ampara,Eastern Province,1,Financial & Funding,0.64,1,0.36,15,HIGH,65,Bank housing loan application rejected in Ampara due to low income level,Microfinance through Samurdhi Development Bank obtained as alternative,Completed after alternative financing arranged
Pre-Construction & Approvals,Site selection & surveying,Trincomalee,Eastern Province,1,Owner / Social / Behavioural,0.68,1,0.36,4,LOW,10,Religious belief required specific auspicious date for foundation laying,Construction recommenced after auspicious date ceremony completed,Completed on revised schedule
Structure,Columns & beams,Gampaha,Western Province,1,Labour,0.3,1,0.25,6,MEDIUM,18,Construction workers migrated from Gampaha to Middle East for higher wages,New crew hired from rural Gampaha areas at competitive retention wage,Completed
Site Preparation,Earthworks & grading,Hambantota,Southern Province,2,Environmental & Site,0.85,1,0.67,3,LOW,10,Coastal wind erosion depositing sand on foundation excavation daily in Hambantota,Wind break barrier erected around excavation perimeter before work resumed,Completed after barrier installation
Structure,Floor slabs,Ampara,Eastern Province,1,Financial & Funding,0.81,1,0.37,32,HIGH,180,Post-war returnee unable to access any construction funds in Ampara,DS office social welfare housing grant applied and eventually approved,Completed with government grant support
Site Preparation,Earthworks & grading,Ampara,Eastern Province,1,Environmental & Site,0.57,1,0.81,5,LOW,12,Tree roots from old jak trees damaged foundation trench during earthworks in Ampara,Roots removed by arborist and foundation trench properly reinstated,Ongoing - roof level reached
Pre-Construction & Approvals,Architectural & structural design,Trincomalee,Eastern Province,1,Design & Technical,0.64,1,0.41,7,MEDIUM,44,Building footprint encroached on road reservation in Trincomalee town,Plan revised and resubmitted to Urban Development Authority office,Completed after plan revision
Foundations,Soil investigation,Ampara,Eastern Province,2,Design & Technical,0.71,1,0.8,15,MEDIUM,45,Foundation design unsuitable for Ampara coastal sandy alluvial soil,Geotechnical report obtained and pile foundation type adopted,Completed after foundation redesign
Pre-Construction & Approvals,Authority approvals,Mannar,Northern Province,1,Land & Legal,0.7,1,0.25,39,HIGH,87,Land gifted by parent not legally transferred before construction began in Mannar,Deed prepared and registered at Mannar Land Registry office,Completed after legal documentation
Structure,Floor slabs,Colombo,Western Province,1,Financial & Funding,0.72,1,0.32,20,HIGH,240,Owner financial difficulties due to COVID-19 job loss in Colombo,NHDA supplementary housing grant applied and construction resumed,Completed after significant delay
Pre-Construction & Approvals,Architectural & structural design,Vavuniya,Northern Province,1,Design & Technical,0.79,1,0.26,8,MEDIUM,45,Building footprint encroached on road reservation requiring plan redesign,Plan revised and resubmitted to Vavuniya local authority for approval,Completed after plan revision
Finishes,Tiling,Matara,Southern Province,1,Material Supply & Quality,0.61,0,0.27,5,MEDIUM,30,Roofing tiles unavailable in Matara during supply chain disruption,Alternative Colombo supplier identified with express priority delivery,Completed after supply arrangement
Structure,Roof slab,Ampara,Eastern Province,2,Labour,0.26,1,0.37,19,MEDIUM,20,Labour shortage in remote Ampara Mahaoya area for roof slab construction,Contractor sourced workers from Ampara town with transport support,Completed after sourcing delay
MEP Rough-Ins,Electrical conduit work,Colombo,Western Province,1,Design & Technical,0.55,1,0.3,13,MEDIUM,25,Unexpected underground utilities encountered during Colombo excavation,CEB and NWS&DB notified and underground utilities officially relocated,Completed after utility relocation
Foundations,Foundation work,Mannar,Northern Province,1,Design & Technical,0.72,1,0.73,56,HIGH,55,Foundation design unsuitable for Mannar coastal sandy and limestone bedrock,Geotechnical consultant engaged and raft foundation on piles designed,Completed after redesign
Finishes,Internal plastering,Batticaloa,Eastern Province,2,Labour,0.25,1,0.39,7,MEDIUM,14,Plastering subcontractor abandoned work mid-phase in Batticaloa,New subcontractor engaged within one week at same contract rate,Completed after personnel change
Structure,Columns & beams,Gampaha,Western Province,1,Material Supply & Quality,0.64,0,0.3,22,HIGH,60,Cement shortage in Gampaha during 2022 foreign exchange crisis,Alternative Colombo supplier found and bulk purchase made in advance,Completed with cost overrun
Foundations,Foundation work,Jaffna,Northern Province,1,Environmental & Site,0.61,1,0.79,13,MEDIUM,35,Saltwater corrosion of steel reinforcement in coastal Jaffna foundation near sea,Epoxy coated marine grade steel used as replacement material,Completed with additional cost
Foundations,Foundation work,Matara,Southern Province,2,Labour,0.29,1,0.26,5,LOW,12,Primary mason fell ill during peak foundation construction phase in Matara,Replacement mason sourced from Galle district within one week,Completed
Structure,Roof slab,Matara,Southern Province,1,Financial & Funding,0.75,1,0.3,17,MEDIUM,18,NHDA housing loan instalment withheld pending scheduled site inspection,Inspection conducted and funds released by NHDA after two weeks,Completed after funding release
Structure,Floor slabs,Colombo,Western Province,1,Material Supply & Quality,0.84,0,0.29,38,HIGH,120,Building material price escalation exceeded Colombo project budget by 30 percent,Value engineering exercise conducted to reduce specification and cost,Completed with reduced specification
MEP Rough-Ins,Plumbing & drainage,Batticaloa,Eastern Province,1,Material Supply & Quality,0.75,0,0.93,54,HIGH,70,Material delivery delayed due to flooding of access roads in Batticaloa,Waterway boat transport used as alternative delivery route via lagoon,Completed after alternative supply route
Pre-Construction & Approvals,BOQ preparation & tendering,Ampara,Eastern Province,1,Land & Legal,0.72,1,0.37,7,MEDIUM,42,Deed not registered at Land Registry due to stamp duty cost in Ampara,Family mediated and deed registration completed at Ampara registry,Stalled awaiting further funding
Structure,Columns & beams,Colombo,Western Province,1,Labour,0.26,1,0.28,11,MEDIUM,18,Subcontractor walked off Colombo site due to payment dispute with owner,New subcontractor engaged immediately with revised payment schedule,Completed after contractor change
Envelope & Waterproofing,Roof waterproofing,Mullaitivu,Northern Province,1,Design & Technical,0.89,1,0.33,9,MEDIUM,18,Roof slope incorrectly designed causing water pooling and leakage in Mullaitivu,Reroofing with corrected slope angle completed by roofing specialist,Completed after rework
Foundations,Foundation work,Matara,Southern Province,1,Environmental & Site,0.58,1,0.76,49,HIGH,70,Southwest monsoon flooding of foundation excavation in Matara coastal area,Dewatering pumps installed and drainage channel constructed on site,Completed after significant delay
Site Preparation,Site clearing & hoarding,Kilinochchi,Northern Province,2,Environmental & Site,0.56,1,0.71,12,MEDIUM,21,Wild elephant entry damaged site hoarding and equipment in Kilinochchi,Electric fence erected around entire construction perimeter before restart,Completed with additional protection cost
Envelope & Waterproofing,Roof waterproofing,Kalutara,Western Province,1,Environmental & Site,0.74,1,0.81,4,LOW,12,Heavy rainfall during southwest monsoon delayed roofing and waterproofing in Kalutara,Temporary weather protection installed and work resumed after rain stopped,Completed
Pre-Construction & Approvals,Authority approvals,Ampara,Eastern Province,1,Land & Legal,0.62,1,0.36,39,HIGH,486,Inherited land with no clear title deed among siblings in Ampara,Partition action filed at Ampara Land Registry and settlement reached,Stalled awaiting funding
Structure,Floor slabs,Vavuniya,Northern Province,1,Financial & Funding,0.79,1,0.29,50,HIGH,100,Owner financial difficulties due to 2022 economic crisis in Vavuniya,Phased approach adopted and specification reduced to manage cash flow,Completed with delay
Finishes,Tiling,Trincomalee,Eastern Province,2,Design & Technical,0.7,1,0.37,5,MEDIUM,18,Septic tank location conflicting with neighbour well requiring redesign,Septic tank relocated to compliant position with engineer certification,Completed after design change
Structure,Columns & beams,Galle,Southern Province,1,Labour,0.27,1,0.84,18,MEDIUM,20,Construction workers unavailable during peak SW monsoon season in Galle,Work scheduled around weather windows and core crew retained on site,Completed on revised schedule
Pre-Construction & Approvals,BOQ preparation & tendering,Mannar,Northern Province,1,Financial & Funding,0.82,1,0.28,21,HIGH,65,Bank loan rejected due to inadequate collateral value for Mannar property,Alternative microfinance obtained through NGO partner in Mannar district,Completed after alternative financing
Pre-Construction & Approvals,Authority approvals,Colombo,Western Province,1,Design & Technical,0.73,1,0.28,30,HIGH,90,Building plan approval delayed at Colombo Municipal Council due to setback violation,Plan revised and resubmitted to CMC planning division for approval,Ongoing - foundation stage only
Foundations,Foundation work,Vavuniya,Northern Province,1,Environmental & Site,0.72,1,0.63,11,MEDIUM,14,Northeast monsoon rainfall disrupting foundation construction in Vavuniya,Work schedule adjusted to utilise dry weather windows effectively,Completed on revised schedule
Structure,Columns & beams,Vavuniya,Northern Province,1,Labour,0.34,1,0.25,7,MEDIUM,17,Shortage of skilled masons in Vavuniya local area for structural work,Subcontractors hired from Colombo at increased transport and wage cost,Completed with cost overrun
Foundations,Foundation work,Colombo,Western Province,1,Environmental & Site,0.81,1,0.86,10,MEDIUM,30,Colombo urban flooding damaged partially completed first floor foundation walls,Flood damage assessment and comprehensive waterproofing membrane applied,Completed after remedial work
Foundations,Foundation work,Mullaitivu,Northern Province,1,Environmental & Site,0.69,1,0.76,16,MEDIUM,35,Saltwater corrosion of reinforcement near Mullaitivu lagoon site,Galvanised steel used and all affected foundation sections replaced,Completed with additional cost
Foundations,Ground beams,Mullaitivu,Northern Province,1,Environmental & Site,0.82,1,0.75,5,MEDIUM,30,Northeast monsoon flooding of Mullaitivu coastal construction site,Pumps installed and work recommenced after flood water receded,Completed with delay
Structure,Columns & beams,Colombo,Western Province,1,Labour,0.26,1,0.29,13,MEDIUM,14,Skilled construction workers unavailable in Colombo during Sinhala Tamil New Year,Work rescheduled and accelerated during post-festival period,Completed on revised schedule
MEP Rough-Ins,Electrical conduit work,Jaffna,Northern Province,1,Labour,0.31,1,0.37,2,LOW,7,Skilled electrician unavailable in Jaffna for conduit and wiring work,Electrician brought from Colombo with accommodation and transport provided,Completed
Foundations,Foundation work,Kilinochchi,Northern Province,1,Design & Technical,0.57,1,0.31,29,HIGH,55,Foundation design unsuitable for expansive black cotton clay soil in Kilinochchi,Foundation redesigned by structural engineer to raft type on granular fill,Completed after redesign
Structure,Columns & beams,Colombo,Western Province,1,Material Supply & Quality,0.69,0,0.28,57,HIGH,55,Cement shortage in Colombo market during 2022 economic crisis,Bulk purchase arranged through DS Colombo office procurement channel,Completed with cost overrun
Pre-Construction & Approvals,Architectural & structural design,Kalutara,Western Province,1,Owner / Social / Behavioural,0.79,1,0.29,6,MEDIUM,45,Kalutara owner changed house plan completely after roof was already completed,Partial demolition and rebuild done with full structural engineering guidance,Completed with significant cost overrun
Structure,Columns & beams,Kalutara,Western Province,1,Labour,0.41,1,0.33,19,MEDIUM,16,Skilled masons scarce in Kalutara during peak construction holiday season,Workers brought from Galle district on short-term contract with transport,Completed after delay
Foundations,Foundation work,Ampara,Eastern Province,1,Environmental & Site,0.88,1,0.82,3,LOW,13,Monsoon flooding inundated foundation excavation in Ampara coastal area,Water pumps installed and site drainage channel constructed,Ongoing - superstructure stage
Pre-Construction & Approvals,Site selection & surveying,Mannar,Northern Province,1,Owner / Social / Behavioural,0.55,1,0.29,4,LOW,9,Religious auspicious date required before surveying and construction in Mannar,Construction commenced after designated auspicious date ceremony,Completed on revised schedule
Foundations,Soil investigation,Galle,Southern Province,1,Design & Technical,0.74,1,0.84,11,MEDIUM,30,Foundation design unsuitable for Galle coastal sandy soil near beach area,Geotechnical consultant redesigned foundation to pile type for coastal soil,Completed after foundation redesign
Envelope & Waterproofing,Roof waterproofing,Batticaloa,Eastern Province,1,Environmental & Site,0.87,1,0.92,18,MEDIUM,35,Termite infestation destroyed timber roof framework in Batticaloa house,Full termite chemical treatment and complete timber replacement carried out,Completed after treatment
Finishes,Carpentry & joinery,Batticaloa,Eastern Province,1,Labour,0.45,1,0.38,3,LOW,8,Skilled carpenter unavailable for roof timber joinery work in Batticaloa,Carpenter brought from Trincomalee on short-term contract basis,Completed
Pre-Construction & Approvals,Authority approvals,Jaffna,Northern Province,1,Owner / Social / Behavioural,0.56,1,0.33,3,LOW,8,Religious auspicious date delay waiting for Tamil New Year period before starting,New construction date set and work recommenced immediately after,Completed on revised schedule
Pre-Construction & Approvals,Site selection & surveying,Kilinochchi,Northern Province,1,Land & Legal,0.57,1,0.31,8,MEDIUM,35,Boundary dispute with neighbour in resettlement area of Kilinochchi,DS mediation conducted and formal boundary agreement signed,Completed after legal resolution
Pre-Construction & Approvals,Site selection & surveying,Ampara,Eastern Province,1,Land & Legal,0.78,1,0.34,14,MEDIUM,31,Boundary stone missing from Ampara plot causing formal neighbour dispute,Licensed survey conducted and legal boundary agreement signed,Completed with cost overrun
Pre-Construction & Approvals,Site selection & surveying,Batticaloa,Eastern Province,2,Land & Legal,0.89,1,0.38,31,HIGH,384,Inherited land with no clear title deed among multiple siblings in Batticaloa,Land Registry partition action and settlement reached through mediation,Stalled awaiting legal resolution
Pre-Construction & Approvals,BOQ preparation & tendering,Galle,Southern Province,1,Owner / Social / Behavioural,0.65,1,0.85,17,MEDIUM,28,Owner dispute with contractor over quality standard in Galle coastal home,Independent QS engaged and contractor dispute resolved amicably,Completed after dispute resolution
Pre-Construction & Approvals,Site selection & surveying,Mullaitivu,Northern Province,2,Owner / Social / Behavioural,0.72,1,0.33,13,MEDIUM,14,War trauma affecting owner decision making and construction planning in Mullaitivu,Community support worker assisted owner in project management and decisions,Completed with community support
Pre-Construction & Approvals,Architectural & structural design,Gampaha,Western Province,1,Owner / Social / Behavioural,0.8,1,0.28,12,MEDIUM,25,Gampaha owner changed interior layout after partition walls were completed,Partition walls removed and rebuilt to revised layout at additional cost,Completed with cost overrun
Envelope & Waterproofing,Roof waterproofing,Mannar,Northern Province,1,Environmental & Site,0.9,1,0.7,7,MEDIUM,14,Northeast monsoon strong winds damaged temporary roofing framework in Mannar,Reinforced temporary structure installed before recommencing waterproofing,Completed after weather delay
Structure,Floor slabs,Kalutara,Western Province,1,Financial & Funding,0.57,1,0.28,14,MEDIUM,30,NHDA loan instalment withheld pending scheduled Kalutara site inspection,Site inspection completed promptly and funds released after NHDA visit,Completed after funding release
Envelope & Waterproofing,Roof waterproofing,Ampara,Eastern Province,1,Environmental & Site,0.74,1,0.83,7,LOW,10,Northeast monsoon strong winds caused partial roof damage in Ampara,Temporary repair made immediately and permanent fix done post-monsoon,Completed after weather repair
Foundations,Foundation work,Galle,Southern Province,1,Material Supply & Quality,0.81,0,0.87,12,MEDIUM,15,River sand supply disrupted by flooding of Gin Ganga river in Galle,Quarry dust approved as substitute material with structural engineer sign-off,Completed with alternative material
Envelope & Waterproofing,Roof waterproofing,Jaffna,Northern Province,1,Environmental & Site,0.89,1,0.83,1,LOW,10,Northeast monsoon prevented roof waterproofing application in Jaffna,Work window identified between monsoon spells and waterproofing completed,Completed within revised schedule
Envelope & Waterproofing,Roof waterproofing,Galle,Southern Province,1,Environmental & Site,0.73,1,0.86,13,MEDIUM,18,Southwest monsoon heavy rainfall halted roofing and waterproofing in Galle for 12 days,Pre-ordered materials and temporary weather shields used during monsoon,Completed with 2-week schedule compression
Pre-Construction & Approvals,Site selection & surveying,Hambantota,Southern Province,1,Owner / Social / Behavioural,0.58,1,0.27,3,LOW,12,Hambantota owner working in Colombo unable to supervise construction locally,Trusted local relative formally appointed as on-site construction supervisor,Completed with delegated supervision
Foundations,Foundation work,Jaffna,Northern Province,1,Labour,0.44,1,0.34,7,MEDIUM,14,Shortage of skilled masons in Jaffna due to migration to Colombo and Middle East,Subcontractors hired from Vavuniya at increased daily wage of LKR 2500,Completed with 2-week delay
Foundations,Foundation work,Mannar,Northern Province,1,Labour,0.29,1,0.27,10,MEDIUM,20,Death of primary mason during foundation work phase in Mannar,Replacement mason found from Vavuniya and work resumed after two weeks,Completed with net delay
Structure,Floor slabs,Ampara,Eastern Province,1,Financial & Funding,0.75,1,0.36,44,HIGH,107,Incomplete documentation preventing IFRC grant release in Ampara district,Documents completed with legal aid and grant verification expedited,Ongoing - roof level reached
Site Preparation,Earthworks & grading,Jaffna,Northern Province,1,Environmental & Site,0.76,1,0.82,5,MEDIUM,18,Northeast monsoon heavy rainfall flooded site during earthworks in Jaffna,Dewatering pumps installed and work resumed after monsoon subsided,Completed after weather delay
Structure,Columns & beams,Mullaitivu,Northern Province,1,Financial & Funding,0.72,1,0.31,38,HIGH,120,IFRC housing grant disbursement delayed due to documentation backlog,Community mobiliser assigned to expedite document verification,Stalled awaiting funding release
Foundations,Foundation work,Galle,Southern Province,1,Environmental & Site,0.69,1,0.87,0,LOW,10,Saltwater corrosion of steel reinforcement in Galle coastal foundation site,Epoxy coated marine grade steel used and affected sections replaced,Ongoing - wall construction stage
Site Preparation,Earthworks & grading,Matara,Southern Province,1,Environmental & Site,0.56,1,0.77,2,LOW,10,Southwest monsoon strong winds damaged scaffold structure in Matara,Scaffold fully reinforced and work resumed after weather event cleared,Completed after weather repair
Structure,Floor slabs,Galle,Southern Province,1,Financial & Funding,0.6,1,0.28,41,HIGH,55,Bank housing loan disbursement delayed for Galle first-time owner,Documents resubmitted and emergency loan instalment released by bank,Ongoing - roof level reached
Pre-Construction & Approvals,Site selection & surveying,Matara,Southern Province,1,Land & Legal,0.78,1,0.3,12,MEDIUM,45,Boundary dispute with neighbour over Matara residential plot boundary,Licensed surveyor engaged and formal legal agreement prepared and signed,Completed after legal resolution
Envelope & Waterproofing,Masonry work,Jaffna,Northern Province,1,Land & Legal,0.8,1,0.32,29,HIGH,60,Boundary dispute with neighbour halted masonry work on Jaffna plot,Licensed surveyor engaged and legal agreement signed with neighbour,Completed after legal resolution
Foundations,Foundation work,Trincomalee,Eastern Province,1,Environmental & Site,0.7,1,0.86,15,MEDIUM,42,Trincomalee harbour area saltwater corrosion damaged steel reinforcement,Marine grade steel used as replacement in coastal foundation zone,Completed with additional cost
Finishes,Internal plastering,Batticaloa,Eastern Province,1,Material Supply & Quality,0.8,0,0.37,49,HIGH,70,Delays in material delivery to Batticaloa island locations near lagoon,Advance ordering and boat transport via Batticaloa lagoon arranged,Ongoing - plastering stage
Foundations,Foundation work,Matara,Southern Province,1,Design & Technical,0.59,1,0.31,19,MEDIUM,25,Incorrect floor level set causing water pooling inside completed Matara house,Floor level raised and comprehensive internal drainage system installed,Completed after remedial work
Pre-Construction & Approvals,Authority approvals,Jaffna,Northern Province,1,Land & Legal,0.56,1,0.78,29,HIGH,65,Authority approval for Jaffna coastal plot delayed due to CCD buffer zone restriction,Coastal Conservation Department clearance obtained after boundary survey revision,Completed after regulatory approval
Foundations,Foundation work,Gampaha,Western Province,1,Environmental & Site,0.83,1,0.82,7,MEDIUM,15,Unexpected groundwater table encountered during foundation excavation in Gampaha,Geotechnical assessment done and pile foundation type adopted,Completed after foundation design change
Site Preparation,Site clearing & hoarding,Hambantota,Southern Province,1,Environmental & Site,0.7,1,0.69,5,LOW,8,Wild elephant intrusion damaged partially built site hoarding in Hambantota,Heavy duty electric fence installed around entire construction perimeter,Completed with additional protection cost
Structure,Floor slabs,Trincomalee,Eastern Province,1,Financial & Funding,0.74,1,0.41,21,HIGH,107,Incomplete documentation prevented IFRC grant disbursement in Trincomalee,Documents completed with legal aid and grant released after verification,Ongoing - roof level reached
Pre-Construction & Approvals,Authority approvals,Kalutara,Western Province,1,Land & Legal,0.81,1,0.81,16,HIGH,65,Coastal buffer zone encroachment by Kalutara beachfront residence plan,CCD clearance obtained after plan boundary revision and setback compliance,Completed after regulatory approval
Pre-Construction & Approvals,Authority approvals,Trincomalee,Eastern Province,1,Financial & Funding,0.6,1,0.39,44,HIGH,97,Bank loan application rejected in Trincomalee due to unclear land title,Title cleared with legal aid and alternative lender found through NGO,Ongoing - roof level reached
Structure,Roof slab,Kilinochchi,Northern Province,1,Labour,0.32,1,0.29,8,MEDIUM,18,Shortage of skilled tradesmen in Kilinochchi rural post-war area,Labour imported from Jaffna and Vavuniya towns with transport,Completed after delay
Structure,Columns & beams,Galle,Southern Province,1,Labour,0.38,1,0.28,15,MEDIUM,14,Skilled mason shortage in Galle due to migration to Middle East for higher pay,Subcontractor hired from Colombo district at higher daily wage,Completed after delay
MEP Rough-Ins,Plumbing & drainage,Mannar,Northern Province,1,Material Supply & Quality,0.88,0,0.3,13,MEDIUM,30,Building materials delayed due to limited road transport options to Mannar island,Advance bulk ordering and coastal boat transport from mainland arranged,Completed after supply chain improvement
Finishes,Internal plastering,Mullaitivu,Northern Province,2,Material Supply & Quality,0.56,0,0.33,52,HIGH,60,Counterfeit cement purchased from unverified local supplier in Mullaitivu,Structural inspection and rebuild of all failed plastering sections,Completed after quality intervention
Pre-Construction & Approvals,BOQ preparation & tendering,Hambantota,Southern Province,1,Financial & Funding,0.77,1,0.27,60,HIGH,60,Construction loan from State Mortgage Bank delayed in Hambantota district,Interim family financing arranged to maintain construction progress,Completed after bank loan received
Pre-Construction & Approvals,Site selection & surveying,Gampaha,Western Province,1,Land & Legal,0.9,1,0.27,54,HIGH,120,Land title disputed between inherited siblings in Gampaha district,Partition action filed and settlement reached through DS mediation,Completed after legal resolution
Structure,Floor slabs,Mannar,Northern Province,1,Financial & Funding,0.71,1,0.27,50,HIGH,75,Owner personal savings exhausted mid-construction in Mannar district,NHDA supplementary grant applied and construction resumed after approval,Under NHDA review
Envelope & Waterproofing,Masonry work,Mannar,Northern Province,1,Environmental & Site,0.85,1,0.67,10,MEDIUM,38,Coastal erosion near Mannar site boundary threatened masonry wall stability,Retaining wall and rock armouring installed along site boundary first,Completed with coastal protection
Pre-Construction & Approvals,Architectural & structural design,Matara,Southern Province,1,Owner / Social / Behavioural,0.63,1,0.29,14,MEDIUM,35,Matara owner changed house interior plan after partition walls were built,Structural engineer consulted and changes formally incorporated,Completed with revised approved plan
MEP Rough-Ins,Electrical conduit work,Matara,Southern Province,1,Labour,0.39,1,0.26,1,LOW,7,Qualified electrician not available locally in Matara for wiring work,Electrician contracted from Galle on short-term basis with transport,Completed
Pre-Construction & Approvals,Authority approvals,Batticaloa,Eastern Province,1,Land & Legal,0.62,1,0.88,21,HIGH,622,House site under military HSZ restriction in Batticaloa coastal district,HSZ restriction lifted following gazette notification from Ministry,Demolished and restarted after gazette
Structure,Columns & beams,Ampara,Eastern Province,1,Labour,0.4,1,0.77,6,MEDIUM,16,Skilled masons unavailable in remote Ampara Oluvil coastal area,Workers brought from Kalmunai town with daily transport arranged,Completed after delay
Structure,Columns & beams,Batticaloa,Eastern Province,1,Labour,0.41,1,0.4,9,MEDIUM,18,Skilled masons migrated to Colombo or Middle East from Batticaloa,Workers recruited from Ampara district with accommodation on site,Completed after personnel sourcing
Pre-Construction & Approvals,Site selection & surveying,Batticaloa,Eastern Province,1,Owner / Social / Behavioural,0.83,1,0.42,16,HIGH,316,Family dispute among siblings over Batticaloa house ownership rights,Legal mediation through district court resolved ownership title,Partially completed - roof only
Structure,Floor slabs,Mullaitivu,Northern Province,1,Financial & Funding,0.73,1,0.31,29,HIGH,90,Post-war returnee owner lacked construction experience and exceeded budget,Technical assistance provided by UN-Habitat field officer in district,Completed with technical support
Pre-Construction & Approvals,Authority approvals,Galle,Southern Province,1,Land & Legal,0.82,1,0.84,15,HIGH,90,Coastal Conservation Department buffer zone restriction prevented construction in Galle,CCD approval obtained after boundary survey revision and setback compliance,Completed after regulatory approval
Pre-Construction & Approvals,Architectural & structural design,Batticaloa,Eastern Province,1,Design & Technical,0.85,1,0.42,13,MEDIUM,44,Building footprint encroached on road reservation in Batticaloa town,Plan revised and resubmitted to DS Batticaloa planning office,Ongoing - foundation stage
Foundations,Foundation work,Batticaloa,Eastern Province,1,Environmental & Site,0.74,1,0.89,5,MEDIUM,22,Northeast monsoon flooding inundated foundation excavation in Batticaloa,Dewatering pumps and perimeter drainage channel installed on site,Completed after weather delay
Foundations,Foundation work,Kalutara,Western Province,1,Design & Technical,0.72,1,0.77,6,MEDIUM,35,Foundation level set too low causing floor flooding in Kalutara house,Floor screed raised to correct level and proper drainage system installed,Completed after remedial work
Pre-Construction & Approvals,Architectural & structural design,Colombo,Western Province,1,Design & Technical,0.74,1,0.29,19,MEDIUM,45,High-rise neighbour blocked natural light requiring plan revision in Colombo,Plan revised to relocate windows and add skylights for natural light,Completed with revised design
Foundations,Foundation work,Kilinochchi,Northern Province,2,Environmental & Site,0.8,1,0.74,8,MEDIUM,22,Northeast monsoon flooding delayed foundation work in Kilinochchi,Improved site drainage and dewatering system installed before restart,Completed after weather delay
Site Preparation,Site clearing & hoarding,Batticaloa,Eastern Province,2,Owner / Social / Behavioural,0.76,1,0.39,5,LOW,10,Post-war trauma and displacement affecting Batticaloa owner decision making,Community counsellor and housing officer provided joint support to owner,Completed with community assistance
Envelope & Waterproofing,Roof waterproofing,Hambantota,Southern Province,2,Material Supply & Quality,0.7,0,0.25,18,MEDIUM,25,Roof tiles unavailable due to supply chain disruption in Hambantota area,Alternative tile supplier identified in Colombo with delivery arranged,Completed after supply arrangement
Structure,Floor slabs,Kalutara,Western Province,1,Financial & Funding,0.61,1,0.8,43,HIGH,85,Construction cost 35 percent above estimate in Kalutara coastal project,Bank top-up loan obtained and project scope formally reduced by owner,Completed with reduced scope
Envelope & Waterproofing,Roof waterproofing,Trincomalee,Eastern Province,1,Environmental & Site,0.75,1,0.86,0,LOW,9,Northeast monsoon strong winds damaged temporary roofing framework in Trincomalee,Reinforced structure and rescheduled waterproofing to weather window,Completed within buffer period
Envelope & Waterproofing,External rendering,Trincomalee,Eastern Province,1,Environmental & Site,0.62,1,0.86,13,MEDIUM,38,Coastal erosion threatened site boundary stability near Trincomalee beach,Retaining wall and rock armouring installed along coastal boundary,Completed with coastal protection
Pre-Construction & Approvals,Authority approvals,Mullaitivu,Northern Province,1,Land & Legal,0.84,1,0.32,18,HIGH,622,House site under military High Security Zone restriction in Mullaitivu,HSZ gazette notification obtained after government ministry application,Suspended awaiting HSZ release
Structure,Columns & beams,Kilinochchi,Northern Province,1,Material Supply & Quality,0.72,0,0.3,20,MEDIUM,44,Counterfeit cement causing structural failure and rework in Kilinochchi,Reputable cement brand exclusively used and failed sections rebuilt,Partially completed - roof level reached
Foundations,Foundation work,Galle,Southern Province,2,Labour,0.31,1,0.32,2,LOW,8,Primary mason illness during critical foundation phase in Galle project,Temporary replacement mason hired from Matara district urgently,Completed with minor delay
Site Preparation,Site clearing & hoarding,Jaffna,Northern Province,1,Environmental & Site,0.56,1,0.78,6,LOW,12,Wild elephant entry damaged site hoarding and equipment in Jaffna rural area,Electric fence erected around construction perimeter before restart,Completed with additional cost
Pre-Construction & Approvals,Site selection & surveying,Ampara,Eastern Province,1,Owner / Social / Behavioural,0.79,1,0.35,10,MEDIUM,28,Family dispute among siblings over Ampara house ownership rights,Legal mediation at DS office resolved sibling ownership dispute,Demolished and restarted
Envelope & Waterproofing,Roof waterproofing,Vavuniya,Northern Province,1,Design & Technical,0.85,1,0.68,10,MEDIUM,18,Roof slope incorrectly designed causing rainwater leakage in Vavuniya house,Reroofing with corrected angle completed by specialist contractor,Partially completed - rectification required
Structure,Floor slabs,Gampaha,Western Province,1,Design & Technical,0.59,1,0.3,12,MEDIUM,35,Concrete mix ratio incorrect causing weak floor slab in Gampaha house,Independent structural engineer tested slab and supervised remedial work,Completed after quality intervention
Foundations,Foundation work,Hambantota,Southern Province,1,Environmental & Site,0.87,1,0.72,19,MEDIUM,14,Drought conditions made excavation difficult in Hambantota dry zone area,Water trucking for soil compaction and stabilisation work arranged,Completed after site preparation
Finishes,Tiling,Gampaha,Western Province,1,Material Supply & Quality,0.58,0,0.25,19,MEDIUM,20,Roof sheet supplier delayed delivery causing Gampaha work stoppage,Alternative Colombo supplier identified and expedited priority delivery,Completed after supply arrangement
MEP Rough-Ins,Electrical conduit work,Kilinochchi,Northern Province,1,Material Supply & Quality,0.71,0,0.32,7,MEDIUM,15,Steel and conduit delivery delayed due to transport disruption in Kilinochchi,Alternative transport route via Vavuniya town arranged for delivery,Completed after supply delay
Structure,Floor slabs,Batticaloa,Eastern Province,1,Financial & Funding,0.56,1,0.39,17,HIGH,85,IFRC housing grant delayed due to field verification backlog in Batticaloa,Community mobiliser assigned to expedite IFRC field verification process,Ongoing - superstructure stage
MEP Rough-Ins,Plumbing & drainage,Mullaitivu,Northern Province,1,Material Supply & Quality,0.75,0,0.72,20,MEDIUM,40,Building materials delayed reaching remote Mullaitivu coastal areas,Advance bulk procurement and storage at accessible mainland depot,Completed after supply improvement
Foundations,Ground floor slab,Jaffna,Northern Province,1,Material Supply & Quality,0.68,0,0.34,31,HIGH,55,Cement unavailability in Jaffna during 2022 foreign exchange crisis,Bulk cement procured from Colombo supplier at higher transport cost,Completed with cost overrun
Pre-Construction & Approvals,Site selection & surveying,Ampara,Eastern Province,1,Owner / Social / Behavioural,0.86,1,0.81,17,MEDIUM,44,Post-tsunami Ampara owner relocated temporarily delaying construction start,Community mobiliser assigned by UN-Habitat field office to assist,Under NHDA review
Finishes,Tiling,Batticaloa,Eastern Province,1,Design & Technical,0.65,1,0.41,17,MEDIUM,25,Septic tank conflicting with neighbour well in Batticaloa residential plot,Septic tank completely redesigned and relocated to compliant position,Completed after design change
Foundations,Foundation work,Batticaloa,Eastern Province,1,Design & Technical,0.87,1,0.88,25,HIGH,52,Wrong floor level set causing flooding inside completed house in Batticaloa,Floor screed raised and proper perimeter drainage channel installed,Ongoing - wall construction stage
Foundations,Foundation work,Colombo,Western Province,1,Environmental & Site,0.71,1,0.82,2,LOW,8,Tree root damage to Colombo foundation during excavation in garden area,Roots professionally cleared by arborist and trench properly reinstated,Completed after site clearance
Structure,Floor slabs,Gampaha,Western Province,1,Financial & Funding,0.68,1,0.3,34,HIGH,90,Gampaha owner construction cost exceeded initial budget by 25 percent,Additional personal loan obtained and project scope formally reduced,Completed with scope reduction
Structure,Columns & beams,Batticaloa,Eastern Province,1,Material Supply & Quality,0.84,0,0.42,29,HIGH,60,Counterfeit cement purchased from informal market in Batticaloa town,Structural inspection conducted and all failed sections completely rebuilt,Completed after quality intervention
Structure,Columns & beams,Jaffna,Northern Province,1,Material Supply & Quality,0.81,0,0.35,39,HIGH,72,Counterfeit low-grade cement caused structural failure in Jaffna requiring rework,Independent QS engaged to inspect and rebuild affected structural sections,Completed after significant rework
Finishes,Tiling,Jaffna,Northern Province,1,Material Supply & Quality,0.62,0,0.34,7,MEDIUM,40,Delays in tile delivery to Jaffna island locations like Delft and Kayts,Advance bulk ordering and mainland depot storage arranged for island sites,Completed after supply chain improvement
Pre-Construction & Approvals,Authority approvals,Vavuniya,Northern Province,2,Owner / Social / Behavioural,0.73,1,0.3,19,HIGH,60,Family dispute over Vavuniya land ownership delayed construction commencement,Legal mediation at DS office resolved ownership dispute,Completed after resolution
Pre-Construction & Approvals,BOQ preparation & tendering,Colombo,Western Province,1,Owner / Social / Behavioural,0.81,1,0.29,14,MEDIUM,35,Colombo owner abroad delayed timely decisions on design changes,Power of attorney given to local architect to manage project decisions,Completed with delegated authority
Envelope & Waterproofing,Roof waterproofing,Galle,Southern Province,2,Design & Technical,0.69,1,0.86,0,LOW,12,Roof drainage inadequate causing water damage to external walls in Galle,Roof eave extended and proper box guttering system installed,Completed after roof remedial work
External Works & Handover,Snagging & rectification,Jaffna,Northern Province,1,Design & Technical,0.83,1,0.34,7,MEDIUM,28,Owner changed room layout after walls partially built requiring snagging rectification,Structural engineer consulted and walls rebuilt to revised approved plan,Completed with cost overrun
Structure,Columns & beams,Trincomalee,Eastern Province,1,Material Supply & Quality,0.6,0,0.37,28,HIGH,55,Cement quality issue discovered during structural inspection in Trincomalee,Failed structural sections demolished and rebuilt with verified premium cement,Completed after quality rework
Pre-Construction & Approvals,BOQ preparation & tendering,Colombo,Western Province,1,Financial & Funding,0.81,1,0.28,15,HIGH,65,Bank loan top-up rejected for Colombo owner due to high existing debt ratio,Alternative private lender engaged at higher but manageable interest rate,Completed with higher financing cost
Foundations,Foundation work,Matara,Southern Province,1,Material Supply & Quality,0.86,0,0.78,18,MEDIUM,20,River sand supply disrupted by seasonal flooding of Nilwala river in Matara,Quarry dust substituted with structural engineer written approval,Completed with cost overrun
Finishes,Carpentry & joinery,Colombo,Western Province,2,Labour,0.21,1,0.29,2,LOW,10,Shortage of skilled finishing carpenters for joinery work in Colombo,Experienced carpenters engaged from Gampaha district on contract,Completed
Envelope & Waterproofing,Roof waterproofing,Gampaha,Western Province,2,Environmental & Site,0.89,1,0.75,3,LOW,12,Heavy rainfall during southwest monsoon delayed roof waterproofing in Gampaha,Temporary weather protection installed and waterproofing completed safely,Completed
Structure,Columns & beams,Trincomalee,Eastern Province,1,Labour,0.25,1,0.39,12,MEDIUM,16,Skilled construction workers unavailable in Trincomalee due to outmigration,Workers brought from Colombo with on-site accommodation provided,Completed after delay
Pre-Construction & Approvals,Site selection & surveying,Vavuniya,Northern Province,1,Land & Legal,0.89,1,0.27,44,HIGH,126,Boundary stone missing from Vavuniya plot causing legal dispute with neighbour,Survey conducted and formal agreement signed with neighbouring owner,Completed after legal resolution
Structure,Roof slab,Ampara,Eastern Province,1,Material Supply & Quality,0.84,0,0.37,58,HIGH,95,Material price spike during 2022 crisis forced Ampara owner to pause work,Phased purchasing strategy adopted to manage escalating material costs,Ongoing - roof level reached
Foundations,Foundation work,Kilinochchi,Northern Province,1,Labour,0.42,1,0.3,0,LOW,10,Primary mason fell ill causing foundation work stoppage in Kilinochchi,Temporary mason hired from Jaffna to maintain construction progress,Completed after personnel change
Foundations,Foundation work,Kalutara,Western Province,2,Environmental & Site,0.89,1,0.83,5,MEDIUM,28,Southwest monsoon coastal flooding damaged ground floor walls in Kalutara,Flood damage fully repaired and comprehensive waterproofing membrane applied,Completed after remedial work
MEP Rough-Ins,Plumbing & drainage,Vavuniya,Northern Province,2,Material Supply & Quality,0.75,0,0.28,10,MEDIUM,28,River sand shortage due to extraction ban in Vavuniya district,Quarry dust approved as substitute material by structural engineer,Completed with alternative material
Pre-Construction & Approvals,Architectural & structural design,Kilinochchi,Northern Province,1,Owner / Social / Behavioural,0.62,1,0.3,18,MEDIUM,30,Diaspora owner changed house plan mid-construction in Kilinochchi,Revised plan approved by structural engineer and construction continued,Completed with revised plan
Structure,Roof slab,Batticaloa,Eastern Province,1,Financial & Funding,0.63,1,0.93,44,HIGH,95,Tsunami recovery grant insufficient for current material prices in Batticaloa,Supplementary funding requested from Batticaloa district secretariat,Ongoing - plastering stage
Structure,Roof slab,Mannar,Northern Province,1,Material Supply & Quality,0.7,0,0.29,38,HIGH,174,Cement unavailability in Mannar during 2022 foreign exchange crisis,Alternative Colombo supplier found and bulk purchase arranged,Completed with cost overrun
Structure,Roof slab,Vavuniya,Northern Province,1,Labour,0.34,1,0.28,15,MEDIUM,22,Workers migrated to Middle East leaving Vavuniya project understaffed,New crew recruited locally with competitive wages and retention bonus,Completed after staffing change
Pre-Construction & Approvals,Site selection & surveying,Colombo,Western Province,1,Land & Legal,0.72,1,0.3,42,HIGH,75,Urban land boundary dispute with neighbour in Colombo suburb,Licensed surveyor and court mediation conducted to resolve dispute,Completed after legal resolution
Foundations,Foundation work,Kalutara,Western Province,2,Material Supply & Quality,0.79,0,0.82,13,MEDIUM,22,River sand restricted in Kalutara due to strict environmental regulations,Manufactured sand used as approved alternative with engineer certification,Completed with alternative material
Foundations,Foundation work,Galle,Southern Province,1,Environmental & Site,0.79,1,0.84,10,MEDIUM,35,Southwest monsoon flooding of low-lying ground floor during Galle construction,Floor level raised and comprehensive drainage system installed,Completed with design modification
Structure,Roof slab,Mullaitivu,Northern Province,1,Labour,0.35,1,0.36,3,LOW,12,Mason migrated abroad leaving roof slab work incomplete in Mullaitivu,New mason recruited and briefed on remaining scope of roof work,Completed after personnel change
Foundations,Foundation work,Colombo,Western Province,1,Environmental & Site,0.72,1,0.84,20,MEDIUM,20,Southwest monsoon urban flooding waterlogged foundation excavation in Colombo,Dewatering pumps installed and improved drainage channel constructed,Completed with cost overrun
Foundations,Foundation work,Gampaha,Western Province,1,Environmental & Site,0.83,1,0.79,11,MEDIUM,40,Flooding from nearby canal inundated Gampaha ground floor during monsoon,Retaining wall along canal boundary and permanent pumps installed,Completed with flood protection measures
Pre-Construction & Approvals,Soil investigation,Jaffna,Northern Province,2,Design & Technical,0.59,1,0.82,7,MEDIUM,21,Soil investigation revealed unstable coastal sandy soil in Jaffna peninsula site,Geotechnical consultant engaged and pile foundation recommended,Completed with revised foundation design
Structure,Columns & beams,Vavuniya,Northern Province,1,Material Supply & Quality,0.85,0,0.26,20,MEDIUM,40,Counterfeit cement causing structural failure and rework in Vavuniya,QS engaged for full structural inspection and rework of failed sections,Legal dispute ongoing
Structure,Columns & beams,Hambantota,Southern Province,1,Labour,0.24,1,0.25,13,MEDIUM,18,Skilled masons unavailable in Hambantota due to major port project competition,Workers sourced from Matara district at higher competitive rate,Completed after sourcing delay
Structure,Floor slabs,Galle,Southern Province,1,Financial & Funding,0.87,1,0.33,49,HIGH,120,Construction cost exceeded initial estimate by 40 percent in Galle project,Scope reduced and owner obtained approved top-up loan from bank,Completed with reduced specification scope
Foundations,Soil investigation,Hambantota,Southern Province,1,Design & Technical,0.81,1,0.24,12,MEDIUM,40,Foundation design did not account for Hambantota limestone rock bedrock layer,Rock breaker hired and foundation completely modified for rock conditions,Completed after design modification
Envelope & Waterproofing,Roof waterproofing,Ampara,Eastern Province,1,Environmental & Site,0.84,1,0.78,11,MEDIUM,35,Termite infestation destroying timber roof framework in Ampara house,Termite treatment and full timber roof replacement carried out,Completed after significant delay
Site Preparation,Site clearing & hoarding,Ampara,Eastern Province,1,Owner / Social / Behavioural,0.78,1,0.33,14,MEDIUM,44,Religious auspicious date delay for Muslim household in Ampara Oluvil,Construction recommenced immediately after auspicious date ceremony,Completed on revised schedule
Pre-Construction & Approvals,Architectural & structural design,Ampara,Eastern Province,1,Owner / Social / Behavioural,0.86,1,0.36,18,MEDIUM,18,Ampara owner changed room layout mid-construction after wall completion,Structural engineer consulted and plan formally revised and approved,Completed with revised design
Site Preparation,Site clearing & hoarding,Batticaloa,Eastern Province,1,Owner / Social / Behavioural,0.8,1,0.39,6,MEDIUM,22,Religious auspicious date delay for Tamil Hindu household in Batticaloa,Construction recommenced after auspicious date and pooja ceremony,Completed on revised schedule
Pre-Construction & Approvals,Site selection & surveying,Trincomalee,Eastern Province,1,Land & Legal,0.64,1,0.4,18,HIGH,75,Inherited land with disputed title among siblings in Trincomalee district,Land Registry mediation successfully resolved sibling title dispute,Completed after legal resolution
Structure,Roof slab,Galle,Southern Province,1,Material Supply & Quality,0.74,0,0.28,29,HIGH,65,Cement price spike during 2022 economic crisis halted Galle construction,Owner obtained additional bank loan and construction recommenced,Completed with cost overrun
Structure,Columns & beams,Kalutara,Western Province,1,Labour,0.25,1,0.31,20,MEDIUM,20,Construction workers absorbed by large hotel construction project near Kalutara,Premium wages offered to retain workers on residential site,Completed with higher labour cost
Structure,Columns & beams,Mannar,Northern Province,1,Labour,0.27,1,0.26,13,MEDIUM,16,Skilled masons unavailable in Mannar due to sparse post-war population,Workers brought from Vavuniya with transport and accommodation provided,Completed after delay
MEP Rough-Ins,Electrical conduit work,Trincomalee,Eastern Province,1,Labour,0.23,1,0.36,1,LOW,7,Qualified electrician not available locally for conduit work in Trincomalee,Electrician brought from Colombo on short-term contract basis,Completed
Foundations,Foundation work,Ampara,Eastern Province,1,Design & Technical,0.65,1,0.81,54,HIGH,52,Wrong foundation level set causing potential flooding of Ampara house,Foundation re-laid to correct level per structural engineer guidelines,Ongoing - wall construction stage
Structure,Floor slabs,Jaffna,Northern Province,1,Financial & Funding,0.61,1,0.36,25,HIGH,180,Diaspora owner lost job abroad causing construction fund shortage in Jaffna,Family contribution pooled and phased construction approach adopted,Stalled awaiting further funding
Foundations,Ground floor slab,Batticaloa,Eastern Province,1,Environmental & Site,0.85,1,0.89,5,MEDIUM,30,Unexpected high groundwater table during excavation near Batticaloa lagoon,Dewatering system and modified ground floor slab foundation type used,Completed with design change
Foundations,Foundation work,Gampaha,Western Province,1,Design & Technical,0.71,1,0.25,14,MEDIUM,28,Staircase design structurally unsafe requiring complete redesign in Gampaha,Structural engineer fully revised staircase design and reinstated it,Completed after design change
Finishes,Tiling,Ampara,Eastern Province,1,Design & Technical,0.87,1,0.36,14,MEDIUM,25,Septic tank location conflicting with neighbour well in Ampara plot,Septic tank redesigned and relocated with engineer certification,Under NHDA review
