project_id,district,construction_type,soil_type,built_up_area_sqft,num_floors,num_rooms,num_bathrooms,total_cost_lkr,labor_hours_total,material_cost_lkr,contractor_experience_years,start_month,num_workers,had_delays,preconstruction_weeks,siteprep_weeks,foundation_weeks,structure_weeks,envelope_weeks,mep_weeks,finishes_weeks,external_weeks,total_weeks
PRJ-0001,Galle,Residential,Rocky,14443.0,1.0,3.0,1.0,92182000.0,26549.0,57129000.0,30.0,12.0,33.0,0,3.0,3.9,5.8,8.7,5.2,2.1,5.7,3.5,37.9
PRJ-0002,Polonnaruwa,Residential,Clay,12880.0,4.0,13.0,5.0,405938000.0,80647.0,222835000.0,4.0,5.0,48.0,0,6.0,3.4,6.6,12.9,6.8,4.1,8.2,3.3,51.3
PRJ-0003,Ampara,Residential,Alluvial,7805.0,1.0,4.0,1.0,38683000.0,15909.0,21079000.0,18.0,10.0,38.0,0,4.2,2.2,3.7,6.6,3.7,2.1,4.4,2.4,29.3
PRJ-0004,Kilinochchi,Residential,Clay,14836.0,4.0,15.0,7.0,341248000.0,93502.0,182525000.0,26.0,12.0,17.0,0,4.4,3.6,6.9,13.8,7.3,4.6,8.6,3.6,52.8
PRJ-0005,Matara,Commercial,Loam,958.0,4.0,12.0,6.0,27511000.0,5933.0,14291000.0,21.0,8.0,46.0,0,6.4,1.2,4.0,8.7,4.1,4.2,6.4,1.5,36.5
PRJ-0006,Badulla,Commercial,Clay,10969.0,3.0,7.0,3.0,265069000.0,35330.0,142732000.0,7.0,9.0,13.0,1,6.4,3.1,6.3,11.2,6.2,3.1,7.5,3.2,47.0
PRJ-0007,Galle,Residential,Alluvial,1756.0,5.0,12.0,4.0,78244000.0,9067.0,43292000.0,29.0,4.0,46.0,1,4.7,1.5,5.2,10.9,5.3,4.2,7.2,1.4,40.4
PRJ-0008,Anuradhapura,Residential,Loam,2871.0,4.0,10.0,5.0,55166000.0,23922.0,33160000.0,1.0,7.0,35.0,0,6.0,1.5,4.4,9.3,4.5,4.0,6.6,1.5,37.8
PRJ-0009,Ratnapura,Commercial,Loam,9395.0,3.0,8.0,4.0,240776000.0,35484.0,122648000.0,26.0,2.0,11.0,0,4.9,2.3,4.6,9.9,5.4,3.4,6.9,2.8,40.2
PRJ-0010,Kilinochchi,Residential,Clay,13603.0,5.0,22.0,10.0,360965000.0,89842.0,191880000.0,26.0,6.0,8.0,0,5.7,3.5,7.2,15.3,7.6,5.7,9.5,3.3,57.8
PRJ-0011,Kilinochchi,Industrial,Rocky,11771.0,4.0,14.0,7.0,584560000.0,87753.0,363218000.0,23.0,8.0,23.0,0,6.9,3.7,7.0,12.7,6.6,4.5,8.3,3.5,53.2
PRJ-0012,Kegalle,Commercial,Sandy,10379.0,4.0,14.0,7.0,259987000.0,52906.0,135723000.0,26.0,12.0,46.0,0,5.4,2.8,5.9,12.1,6.2,4.5,8.0,3.1,48.0
PRJ-0013,Badulla,Residential,Laterite,4253.0,1.0,2.0,1.0,26863000.0,9071.0,14812000.0,13.0,7.0,34.0,0,4.3,2.0,3.3,5.2,2.9,2.1,4.1,1.8,25.7
PRJ-0014,Kandy,Residential,Sandy,7475.0,1.0,4.0,1.0,58458000.0,13702.0,36811000.0,6.0,7.0,35.0,0,4.6,2.4,3.9,6.6,3.4,2.1,5.2,2.2,30.4
PRJ-0015,Matara,Commercial,Clay,1755.0,5.0,20.0,8.0,84136000.0,14359.0,44023000.0,6.0,8.0,39.0,0,7.2,2.1,5.7,11.0,5.0,5.3,7.7,1.6,45.6
PRJ-0016,Kegalle,Residential,Clay,7095.0,4.0,8.0,2.0,181697000.0,57704.0,93103000.0,12.0,7.0,25.0,0,5.7,2.6,5.8,10.2,5.4,3.3,7.0,2.3,42.3
PRJ-0017,Kalutara,Commercial,Loam,2512.0,2.0,8.0,3.0,38053000.0,4368.0,21792000.0,8.0,5.0,35.0,0,5.9,1.5,3.2,6.6,3.0,2.9,5.5,1.8,30.4
PRJ-0018,Monaragala,Mixed-Use,Loam,5503.0,1.0,3.0,1.0,39801000.0,6383.0,21706000.0,24.0,7.0,23.0,0,4.5,1.8,3.0,5.6,3.2,2.1,4.6,2.2,27.0
PRJ-0019,Badulla,Commercial,Clay,7363.0,5.0,11.0,3.0,261812000.0,53420.0,153032000.0,22.0,10.0,35.0,0,6.8,2.7,6.5,12.0,6.3,3.9,7.4,2.6,48.2
PRJ-0020,Gampaha,Residential,Laterite,10265.0,4.0,13.0,5.0,222709000.0,45896.0,138207000.0,19.0,3.0,57.0,1,4.6,2.5,6.1,13.3,6.9,4.1,8.6,2.8,48.9
PRJ-0021,Kegalle,Commercial,Loam,6431.0,4.0,13.0,4.0,214592000.0,47370.0,111711000.0,5.0,5.0,36.0,0,6.9,1.9,4.6,10.6,5.4,3.8,7.3,2.4,42.9
PRJ-0022,Mannar,Residential,Loam,12803.0,2.0,4.0,2.0,146169000.0,53437.0,85817000.0,18.0,7.0,6.0,0,4.7,2.7,4.4,9.4,5.6,2.5,6.8,3.2,39.3
PRJ-0023,Nuwara Eliya,Residential,Loam,11617.0,5.0,24.0,14.0,336520000.0,80929.0,193777000.0,30.0,9.0,56.0,0,5.6,2.5,5.8,14.8,7.2,6.0,9.4,2.9,54.2
PRJ-0024,Gampaha,Mixed-Use,Loam,11374.0,4.0,18.0,5.0,390070000.0,58189.0,203465000.0,5.0,2.0,14.0,1,5.6,2.5,5.7,13.5,6.9,4.4,9.1,3.1,50.8
PRJ-0025,Badulla,Residential,Loam,10433.0,1.0,4.0,2.0,92420000.0,22391.0,54860000.0,30.0,4.0,6.0,0,2.9,2.5,3.7,7.4,4.3,2.4,5.9,2.8,31.9
PRJ-0026,Colombo,Mixed-Use,Clay,11971.0,2.0,6.0,2.0,198690000.0,34065.0,107500000.0,25.0,12.0,6.0,1,4.1,3.3,6.1,10.5,6.0,2.7,7.6,3.2,43.5
PRJ-0027,Mannar,Industrial,Clay,10789.0,5.0,16.0,6.0,366015000.0,80090.0,209791000.0,10.0,7.0,28.0,0,7.7,3.2,6.9,13.6,7.0,4.7,8.5,3.2,54.8
PRJ-0028,Monaragala,Residential,Laterite,13382.0,2.0,7.0,2.0,129541000.0,34587.0,66369000.0,1.0,1.0,21.0,0,4.2,3.0,5.0,9.8,5.6,2.8,7.1,3.3,40.8
PRJ-0029,Mannar,Residential,Alluvial,13001.0,1.0,3.0,1.0,114167000.0,26956.0,64954000.0,10.0,2.0,36.0,0,3.6,2.9,4.2,8.4,4.8,2.1,6.1,3.2,35.3
PRJ-0030,Mullaitivu,Residential,Sandy,13842.0,5.0,10.0,5.0,404035000.0,110496.0,220591000.0,5.0,9.0,20.0,0,6.5,3.2,6.8,14.1,7.6,4.2,8.5,3.4,54.3
PRJ-0031,Kurunegala,Residential,Sandy,2194.0,2.0,7.0,3.0,21564000.0,8193.0,13442000.0,12.0,10.0,20.0,1,4.8,1.8,3.9,6.5,3.1,2.9,5.5,1.5,30.0
PRJ-0032,Jaffna,Residential,Rocky,13273.0,3.0,13.0,4.0,286526000.0,77111.0,145712000.0,22.0,7.0,50.0,0,5.0,3.7,6.7,11.7,6.2,3.7,7.9,3.2,48.1
PRJ-0033,Trincomalee,Commercial,Loam,10261.0,1.0,3.0,1.0,93714000.0,13120.0,52741000.0,30.0,12.0,43.0,0,3.9,2.4,3.6,7.2,4.2,2.1,5.9,3.0,32.3
PRJ-0034,Ampara,Residential,Clay,5532.0,1.0,2.0,1.0,41038000.0,7784.0,23341000.0,27.0,10.0,57.0,0,3.9,2.6,4.1,5.6,3.1,2.0,4.6,2.0,27.9
PRJ-0035,Ampara,Residential,Clay,14379.0,1.0,4.0,1.0,82008000.0,28583.0,49922000.0,7.0,7.0,35.0,1,4.4,3.5,5.4,9.0,5.3,2.1,5.6,3.5,38.8
PRJ-0036,Anuradhapura,Industrial,Rocky,4514.0,3.0,7.0,2.0,86604000.0,17720.0,50762000.0,9.0,6.0,47.0,0,6.8,2.8,5.6,8.1,4.3,3.0,6.2,2.1,38.9
PRJ-0037,Mannar,Residential,Rocky,1329.0,3.0,8.0,3.0,35255000.0,7621.0,21156000.0,22.0,3.0,28.0,1,4.0,2.4,5.8,8.0,3.7,3.2,6.2,1.4,34.7
PRJ-0038,Ratnapura,Industrial,Clay,12615.0,4.0,9.0,4.0,397656000.0,106843.0,245178000.0,21.0,10.0,5.0,1,7.0,3.3,7.0,13.1,7.3,3.7,8.3,3.6,53.3
PRJ-0039,Polonnaruwa,Residential,Sandy,3758.0,2.0,5.0,2.0,56687000.0,12570.0,35675000.0,12.0,3.0,15.0,0,3.9,2.1,4.0,6.3,3.4,2.7,5.5,1.7,29.6
PRJ-0040,Mullaitivu,Residential,Sandy,8704.0,4.0,17.0,7.0,267381000.0,64001.0,146279000.0,23.0,2.0,59.0,0,4.5,2.5,5.7,12.0,5.8,4.7,8.2,2.5,45.9
PRJ-0041,Kalutara,Commercial,Rocky,11906.0,2.0,7.0,4.0,215648000.0,45889.0,125228000.0,29.0,11.0,25.0,0,4.4,3.7,6.0,9.4,5.4,3.0,6.9,3.3,42.1
PRJ-0042,Matale,Commercial,Clay,13881.0,3.0,7.0,2.0,307538000.0,82580.0,192524000.0,1.0,6.0,8.0,1,6.5,3.5,6.9,12.6,7.1,2.9,8.4,3.7,51.6
PRJ-0043,Anuradhapura,Industrial,Clay,4391.0,3.0,13.0,5.0,105488000.0,17824.0,68400000.0,11.0,4.0,11.0,0,5.8,2.4,5.0,8.6,4.1,3.9,6.7,2.2,38.7
PRJ-0044,Galle,Commercial,Laterite,11139.0,4.0,18.0,6.0,400420000.0,38843.0,253637000.0,30.0,5.0,30.0,1,6.1,2.8,6.0,13.6,6.7,4.6,8.9,3.2,51.9
PRJ-0045,Badulla,Industrial,Clay,7695.0,5.0,23.0,11.0,452328000.0,52427.0,251368000.0,21.0,3.0,51.0,1,6.5,2.7,7.2,14.8,7.0,6.0,9.5,2.7,56.4
PRJ-0046,Hambantota,Residential,Rocky,13565.0,4.0,10.0,5.0,475334000.0,94589.0,251582000.0,15.0,6.0,54.0,0,5.7,3.8,7.3,12.8,7.0,3.9,8.0,3.3,51.8
PRJ-0047,Galle,Residential,Sandy,14710.0,2.0,6.0,2.0,146411000.0,42085.0,83953000.0,2.0,11.0,16.0,0,4.2,3.3,5.3,10.4,5.9,2.7,7.1,3.7,42.6
PRJ-0048,Puttalam,Commercial,Clay,12361.0,4.0,19.0,7.0,321184000.0,91400.0,196323000.0,20.0,12.0,35.0,1,5.5,3.3,7.2,14.7,7.4,4.8,9.4,3.4,55.7
PRJ-0049,Kandy,Industrial,Sandy,9931.0,1.0,4.0,1.0,121673000.0,12908.0,69826000.0,7.0,3.0,21.0,0,5.1,2.8,4.2,7.3,4.2,2.1,5.8,3.2,34.7
PRJ-0050,Mullaitivu,Mixed-Use,Rocky,1325.0,2.0,4.0,1.0,23814000.0,4475.0,13633000.0,21.0,8.0,37.0,0,5.1,2.4,4.7,5.4,2.8,2.3,4.9,1.5,29.1
PRJ-0051,Batticaloa,Residential,Laterite,7277.0,2.0,4.0,2.0,123323000.0,15442.0,77167000.0,12.0,9.0,15.0,0,4.8,2.2,4.3,7.5,4.1,2.5,5.9,2.2,33.5
PRJ-0052,Puttalam,Residential,Laterite,801.0,5.0,16.0,7.0,21674000.0,7406.0,12012000.0,22.0,4.0,32.0,0,5.0,1.5,4.9,10.3,4.7,4.9,7.1,1.3,39.7
PRJ-0053,Hambantota,Commercial,Loam,1174.0,3.0,14.0,6.0,31452000.0,5508.0,19782000.0,18.0,9.0,36.0,0,6.0,1.4,3.5,7.7,3.3,4.1,6.3,1.4,33.7
PRJ-0054,Badulla,Residential,Rocky,11332.0,2.0,7.0,3.0,173496000.0,24606.0,97335000.0,3.0,12.0,5.0,0,4.2,3.6,5.9,9.3,5.1,2.9,6.8,2.9,40.7
PRJ-0055,Gampaha,Mixed-Use,Sandy,12997.0,3.0,10.0,4.0,339010000.0,47127.0,186196000.0,7.0,7.0,51.0,1,5.9,3.1,6.1,12.2,6.6,3.5,8.1,3.4,48.9
PRJ-0056,Polonnaruwa,Industrial,Sandy,12044.0,4.0,9.0,2.0,427386000.0,89032.0,242797000.0,11.0,3.0,32.0,0,6.4,3.1,6.0,12.2,6.6,3.2,7.6,3.5,48.6
PRJ-0057,Ampara,Residential,Laterite,5448.0,1.0,3.0,1.0,24893000.0,8039.0,15293000.0,18.0,7.0,57.0,0,4.2,2.1,3.5,5.6,3.1,2.0,3.7,2.0,26.2
PRJ-0058,Galle,Commercial,Clay,3165.0,5.0,22.0,8.0,140905000.0,17446.0,73116000.0,12.0,1.0,46.0,0,6.1,2.2,5.8,11.9,5.2,5.4,7.9,1.8,46.3
PRJ-0059,Mannar,Commercial,Clay,2325.0,3.0,9.0,4.0,49165000.0,15025.0,26031000.0,6.0,3.0,11.0,0,5.5,2.1,4.7,7.7,3.8,3.5,5.9,1.7,34.9
PRJ-0060,Matara,Residential,Sandy,14939.0,2.0,8.0,4.0,194988000.0,53816.0,125322000.0,5.0,6.0,6.0,0,5.1,3.2,5.3,10.6,5.9,3.1,7.4,3.5,44.1
PRJ-0061,Ampara,Industrial,Clay,13468.0,3.0,14.0,7.0,498293000.0,86464.0,262263000.0,26.0,4.0,46.0,0,5.5,3.4,6.2,12.0,6.4,4.3,8.0,3.7,49.5
PRJ-0062,Kalutara,Residential,Clay,2446.0,2.0,5.0,2.0,30798000.0,6839.0,18022000.0,1.0,7.0,28.0,0,5.1,2.1,4.2,6.3,3.0,2.7,5.3,1.5,30.2
PRJ-0063,Batticaloa,Industrial,Loam,813.0,3.0,10.0,4.0,28270000.0,3573.0,16592000.0,12.0,3.0,8.0,0,5.8,1.3,3.5,7.1,3.3,3.5,5.8,1.6,31.9
PRJ-0064,Kurunegala,Residential,Loam,5399.0,2.0,5.0,1.0,57752000.0,22213.0,33118000.0,27.0,1.0,48.0,0,3.5,1.8,3.5,7.0,3.8,2.5,5.7,2.0,29.8
PRJ-0065,Kandy,Industrial,Laterite,3078.0,4.0,17.0,9.0,129725000.0,18900.0,77408000.0,26.0,9.0,23.0,1,6.7,1.8,5.2,10.7,5.0,5.0,8.0,1.9,44.3
PRJ-0066,Puttalam,Residential,Laterite,3955.0,2.0,7.0,2.0,70372000.0,14160.0,37612000.0,11.0,6.0,30.0,0,4.8,1.8,3.8,6.8,3.4,2.7,5.6,1.7,30.6
PRJ-0067,Matara,Residential,Sandy,9121.0,2.0,7.0,3.0,90453000.0,21034.0,52725000.0,4.0,8.0,15.0,1,5.0,2.6,4.8,9.0,4.8,2.9,6.8,2.6,38.5
PRJ-0068,Kandy,Industrial,Sandy,4614.0,1.0,4.0,1.0,29310000.0,6577.0,16291000.0,27.0,3.0,44.0,0,4.5,2.1,3.5,5.5,2.9,2.1,4.3,2.3,27.2
PRJ-0069,Gampaha,Residential,Sandy,13925.0,2.0,6.0,2.0,179664000.0,27093.0,107664000.0,18.0,8.0,54.0,0,4.7,3.3,5.3,10.0,5.8,2.8,7.0,3.4,42.3
PRJ-0070,Nuwara Eliya,Residential,Loam,4016.0,1.0,4.0,1.0,19746000.0,4371.0,10291000.0,4.0,2.0,47.0,0,3.7,1.6,2.8,5.1,2.7,2.2,3.9,1.7,23.7
PRJ-0071,Monaragala,Mixed-Use,Sandy,11930.0,5.0,17.0,5.0,539707000.0,47799.0,316069000.0,17.0,12.0,15.0,0,5.6,3.0,6.6,14.2,7.3,4.7,8.9,3.2,53.5
PRJ-0072,Jaffna,Mixed-Use,Rocky,12920.0,1.0,2.0,1.0,128009000.0,11046.0,67562000.0,2.0,4.0,49.0,0,4.3,3.8,5.7,8.2,4.8,2.0,6.1,3.4,38.3
PRJ-0073,Kandy,Commercial,Loam,11032.0,4.0,16.0,6.0,355953000.0,95678.0,192854000.0,29.0,3.0,7.0,0,5.3,2.4,5.3,12.5,6.4,4.4,8.2,3.2,47.7
PRJ-0074,Monaragala,Commercial,Loam,9019.0,1.0,4.0,1.0,63857000.0,10275.0,34023000.0,24.0,10.0,16.0,0,5.0,2.2,3.4,7.0,4.0,2.1,5.2,2.8,31.7
PRJ-0075,Puttalam,Residential,Loam,2913.0,5.0,14.0,6.0,94014000.0,25178.0,49585000.0,22.0,1.0,7.0,0,5.0,1.5,4.8,10.6,5.2,4.7,7.2,1.5,40.5
PRJ-0076,Mannar,Residential,Sandy,10244.0,4.0,18.0,5.0,317790000.0,80917.0,198255000.0,2.0,7.0,46.0,0,6.1,2.8,5.8,12.5,6.2,4.4,8.4,2.8,49.0
PRJ-0077,Gampaha,Residential,Alluvial,5156.0,3.0,14.0,5.0,70236000.0,24299.0,38128000.0,12.0,11.0,31.0,0,4.4,1.9,4.3,9.1,4.4,4.0,6.9,2.0,37.0
PRJ-0078,Jaffna,Commercial,Laterite,11038.0,3.0,8.0,4.0,296062000.0,33591.0,189204000.0,6.0,10.0,53.0,0,6.4,2.7,5.2,10.4,5.7,3.4,7.3,3.2,44.3
PRJ-0079,Kandy,Commercial,Clay,14560.0,1.0,4.0,1.0,132129000.0,26490.0,85288000.0,10.0,2.0,58.0,0,4.4,3.5,5.2,8.8,5.2,2.2,6.5,3.7,39.5
PRJ-0080,Batticaloa,Commercial,Laterite,6343.0,1.0,2.0,1.0,58432000.0,10405.0,34223000.0,25.0,4.0,6.0,0,4.0,2.2,3.5,5.8,3.3,2.0,5.2,2.3,28.3
PRJ-0081,Trincomalee,Commercial,Loam,5355.0,5.0,13.0,3.0,187060000.0,48831.0,97542000.0,23.0,9.0,53.0,0,6.8,1.9,5.2,11.5,5.7,4.0,7.4,2.3,44.8
PRJ-0082,Ampara,Residential,Laterite,13015.0,5.0,12.0,4.0,501939000.0,122188.0,279170000.0,25.0,6.0,20.0,0,5.8,2.9,6.5,13.8,7.5,4.1,8.6,3.2,52.4
PRJ-0083,Matara,Residential,Laterite,13388.0,2.0,9.0,4.0,131504000.0,57985.0,81488000.0,21.0,8.0,6.0,0,4.5,3.0,5.0,10.1,5.6,3.3,7.1,3.3,41.9
PRJ-0084,Batticaloa,Residential,Loam,7862.0,5.0,19.0,7.0,212145000.0,63013.0,117764000.0,23.0,2.0,58.0,0,4.9,2.1,5.5,13.0,6.4,5.0,8.4,2.3,47.6
PRJ-0085,Ratnapura,Residential,Clay,4174.0,2.0,4.0,1.0,70529000.0,10671.0,36185000.0,27.0,7.0,34.0,0,4.3,2.4,4.4,6.4,3.3,2.3,5.4,1.8,30.3
PRJ-0086,Mullaitivu,Residential,Sandy,7230.0,4.0,13.0,5.0,226277000.0,49391.0,132037000.0,16.0,6.0,24.0,0,5.6,2.4,5.4,11.1,5.5,4.1,7.4,2.2,43.7
PRJ-0087,Matara,Industrial,Loam,4266.0,1.0,3.0,1.0,27245000.0,3822.0,17076000.0,14.0,9.0,42.0,0,5.8,1.5,2.9,5.2,2.8,2.0,4.1,2.2,26.5
PRJ-0088,Badulla,Residential,Rocky,3881.0,4.0,9.0,4.0,87209000.0,31923.0,54016000.0,7.0,7.0,32.0,0,5.8,2.8,6.1,9.3,4.7,3.7,6.5,1.7,40.6
PRJ-0089,Trincomalee,Residential,Sandy,12770.0,5.0,23.0,9.0,348929000.0,61751.0,183630000.0,28.0,1.0,29.0,0,4.8,3.1,6.7,14.9,7.5,5.7,9.6,3.2,55.5
PRJ-0090,Vavuniya,Residential,Clay,1429.0,4.0,17.0,9.0,32688000.0,7196.0,19643000.0,28.0,8.0,36.0,0,5.2,1.9,5.1,9.6,4.2,5.1,6.9,1.2,39.2
PRJ-0091,Puttalam,Commercial,Laterite,1069.0,4.0,14.0,7.0,30007000.0,8304.0,15996000.0,19.0,11.0,14.0,0,5.5,1.5,4.5,9.0,4.1,4.5,6.6,1.4,37.1
PRJ-0092,Ampara,Commercial,Alluvial,11631.0,4.0,19.0,8.0,278060000.0,76124.0,148131000.0,23.0,10.0,46.0,0,6.3,2.7,5.6,12.9,6.4,5.1,8.7,3.3,51.0
PRJ-0093,Badulla,Residential,Loam,10985.0,5.0,16.0,9.0,360595000.0,74209.0,227575000.0,17.0,3.0,44.0,0,5.2,2.5,5.7,13.8,7.1,5.2,8.6,2.9,51.0
PRJ-0094,Kegalle,Residential,Clay,6524.0,4.0,19.0,7.0,203478000.0,38173.0,109359000.0,9.0,2.0,37.0,1,4.9,2.7,6.1,11.9,5.6,4.8,8.2,2.1,46.3
PRJ-0095,Mullaitivu,Commercial,Sandy,6697.0,2.0,8.0,4.0,121053000.0,26739.0,65307000.0,26.0,12.0,17.0,0,4.6,2.4,4.4,7.8,4.1,3.2,6.2,2.4,35.1
PRJ-0096,Vavuniya,Residential,Clay,11883.0,5.0,19.0,6.0,447272000.0,75814.0,223680000.0,13.0,3.0,60.0,0,5.2,3.2,6.9,14.3,7.3,4.9,9.0,3.1,53.9
PRJ-0097,Hambantota,Industrial,Alluvial,13949.0,4.0,9.0,4.0,380040000.0,112569.0,239653000.0,22.0,11.0,45.0,0,6.0,2.9,5.8,12.7,7.0,3.7,8.0,3.9,50.0
PRJ-0098,Ampara,Commercial,Clay,4232.0,5.0,23.0,10.0,232276000.0,19539.0,143753000.0,5.0,6.0,58.0,1,7.3,2.4,6.7,13.8,6.2,5.9,9.1,2.0,53.4
PRJ-0099,Vavuniya,Residential,Loam,10272.0,3.0,9.0,3.0,254947000.0,58166.0,151464000.0,23.0,3.0,46.0,0,4.0,2.3,4.7,10.3,5.5,3.3,7.2,2.8,40.1
PRJ-0100,Colombo,Residential,Sandy,7076.0,2.0,4.0,1.0,114955000.0,28114.0,70415000.0,5.0,10.0,51.0,0,5.0,2.4,4.4,7.7,4.0,2.4,5.8,2.2,33.9
PRJ-0101,Mullaitivu,Mixed-Use,Loam,6695.0,4.0,8.0,4.0,252641000.0,28241.0,132083000.0,10.0,5.0,41.0,0,6.3,2.0,4.7,10.1,5.5,3.7,6.9,2.3,41.5
PRJ-0102,Galle,Residential,Rocky,14794.0,3.0,11.0,3.0,385999000.0,62245.0,219536000.0,21.0,6.0,58.0,0,5.1,4.0,6.9,12.2,6.6,3.3,7.9,3.6,49.6
PRJ-0103,Hambantota,Residential,Laterite,7915.0,3.0,10.0,3.0,165007000.0,24498.0,91197000.0,27.0,8.0,20.0,1,4.8,2.4,5.3,10.6,5.5,3.4,7.6,2.4,42.0
PRJ-0104,Kegalle,Industrial,Sandy,7456.0,5.0,20.0,10.0,281903000.0,66703.0,144917000.0,10.0,7.0,49.0,0,7.6,2.4,5.9,13.0,6.2,5.7,8.4,2.7,51.9
PRJ-0105,Colombo,Mixed-Use,Clay,11352.0,3.0,14.0,6.0,284942000.0,52769.0,163249000.0,27.0,11.0,26.0,0,4.5,3.2,5.9,11.3,5.8,4.2,7.7,3.2,45.8
PRJ-0106,Mannar,Mixed-Use,Clay,1375.0,2.0,4.0,2.0,24803000.0,4646.0,15827000.0,7.0,8.0,24.0,0,5.4,2.0,4.1,5.5,2.8,2.6,5.1,1.4,28.9
PRJ-0107,Matara,Commercial,Alluvial,7829.0,2.0,8.0,4.0,153069000.0,16834.0,77454000.0,26.0,3.0,54.0,1,4.4,2.2,4.2,8.8,4.6,3.1,6.8,2.7,36.8
PRJ-0108,Kegalle,Residential,Laterite,6899.0,1.0,2.0,1.0,47234000.0,7564.0,25682000.0,15.0,4.0,47.0,0,3.4,2.2,3.5,5.8,3.4,2.0,4.6,2.3,27.2
PRJ-0109,Kilinochchi,Residential,Loam,10299.0,2.0,9.0,4.0,99037000.0,17675.0,52602000.0,7.0,6.0,31.0,0,5.0,2.3,4.2,9.1,4.8,3.3,6.7,2.8,38.2
PRJ-0110,Anuradhapura,Commercial,Rocky,3992.0,3.0,13.0,5.0,92365000.0,14981.0,49482000.0,29.0,11.0,45.0,0,4.9,2.6,5.5,8.5,4.1,3.9,6.8,2.0,38.3
PRJ-0111,Kurunegala,Commercial,Rocky,3978.0,2.0,7.0,2.0,85959000.0,12599.0,54693000.0,27.0,7.0,20.0,1,5.3,2.8,5.5,7.0,3.7,2.7,6.2,1.9,35.1
PRJ-0112,Matara,Residential,Clay,6852.0,5.0,20.0,10.0,244274000.0,68558.0,139288000.0,15.0,9.0,38.0,0,6.1,2.7,6.3,12.7,6.1,5.7,8.4,2.2,50.2
PRJ-0113,Kalutara,Industrial,Alluvial,3534.0,1.0,2.0,1.0,34250000.0,6127.0,19521000.0,3.0,1.0,36.0,0,5.2,1.6,3.0,5.0,2.7,2.0,4.7,2.1,26.3
PRJ-0114,Kalutara,Residential,Loam,6916.0,3.0,10.0,3.0,118468000.0,29245.0,72750000.0,19.0,8.0,30.0,0,5.0,2.0,4.3,9.4,4.8,3.3,6.7,2.3,37.8
PRJ-0115,Colombo,Residential,Loam,11204.0,1.0,4.0,1.0,68994000.0,23913.0,36096000.0,10.0,8.0,29.0,0,4.4,2.6,3.7,7.7,4.4,2.2,5.2,3.0,33.2
PRJ-0116,Matale,Residential,Loam,11344.0,3.0,10.0,5.0,290261000.0,61494.0,166346000.0,28.0,6.0,6.0,0,4.7,2.5,4.8,10.7,5.8,3.6,7.5,3.0,42.6
PRJ-0117,Jaffna,Residential,Clay,4368.0,5.0,15.0,6.0,163780000.0,45913.0,92453000.0,29.0,4.0,16.0,0,4.7,2.3,6.0,11.4,5.5,4.7,7.5,1.8,43.9
PRJ-0118,Galle,Residential,Clay,10647.0,1.0,3.0,1.0,85636000.0,16382.0,50486000.0,15.0,3.0,44.0,1,3.3,3.2,4.9,7.8,4.5,2.0,5.8,2.9,34.4
PRJ-0119,Hambantota,Residential,Rocky,10571.0,4.0,17.0,7.0,276730000.0,49154.0,179856000.0,3.0,11.0,13.0,0,5.1,3.4,6.9,12.6,6.4,4.7,8.2,2.8,50.1
PRJ-0120,Galle,Residential,Clay,14935.0,3.0,9.0,3.0,328695000.0,39158.0,202285000.0,6.0,3.0,16.0,1,4.6,3.6,6.6,12.5,7.0,3.2,8.2,3.6,49.3
PRJ-0121,Hambantota,Commercial,Rocky,3003.0,4.0,10.0,4.0,84350000.0,21820.0,47209000.0,12.0,6.0,30.0,0,6.6,2.6,5.9,9.2,4.6,3.8,6.6,1.8,41.1
PRJ-0122,Matara,Commercial,Sandy,2190.0,1.0,4.0,1.0,21009000.0,2124.0,13112000.0,15.0,8.0,13.0,0,5.1,1.9,3.2,4.6,2.3,2.0,4.9,1.7,25.7
PRJ-0123,Mannar,Commercial,Loam,2542.0,4.0,17.0,5.0,81652000.0,12444.0,42917000.0,6.0,7.0,14.0,0,6.8,1.5,4.3,9.7,4.4,4.3,7.1,1.8,39.9
PRJ-0124,Gampaha,Mixed-Use,Sandy,2725.0,4.0,9.0,4.0,81370000.0,16846.0,41057000.0,13.0,11.0,36.0,1,5.3,1.9,5.2,9.4,4.7,3.7,6.7,1.6,38.5
PRJ-0125,Colombo,Residential,Sandy,1419.0,1.0,2.0,1.0,10532000.0,2256.0,5589000.0,29.0,1.0,38.0,0,3.0,1.7,3.2,4.2,2.2,2.0,3.8,1.2,21.3
PRJ-0126,Trincomalee,Residential,Rocky,2074.0,5.0,12.0,6.0,90357000.0,17015.0,49792000.0,19.0,11.0,52.0,0,5.0,2.5,6.3,10.3,5.0,4.5,6.9,1.4,41.9
PRJ-0127,Ratnapura,Industrial,Sandy,1756.0,4.0,12.0,6.0,47084000.0,7254.0,27148000.0,3.0,6.0,24.0,1,7.4,1.7,5.1,9.8,4.6,4.2,7.0,1.7,41.5
PRJ-0128,Ratnapura,Residential,Loam,2739.0,4.0,13.0,4.0,89963000.0,14589.0,53282000.0,8.0,7.0,43.0,1,5.9,1.5,4.5,9.9,4.6,4.0,7.1,1.5,39.0
PRJ-0129,Kegalle,Mixed-Use,Loam,4753.0,5.0,21.0,10.0,158942000.0,39547.0,101181000.0,8.0,12.0,6.0,1,6.0,1.7,5.5,13.4,6.2,5.8,8.9,2.0,49.5
PRJ-0130,Matale,Residential,Rocky,11373.0,4.0,15.0,6.0,295591000.0,98160.0,170402000.0,23.0,7.0,5.0,0,5.3,3.5,7.0,12.5,6.5,4.5,8.1,3.0,50.4
PRJ-0131,Kalutara,Mixed-Use,Alluvial,1768.0,4.0,15.0,8.0,37400000.0,12862.0,21512000.0,26.0,9.0,55.0,0,5.8,1.6,4.3,9.2,4.1,4.8,6.8,1.4,38.0
PRJ-0132,Mannar,Residential,Rocky,10308.0,4.0,12.0,4.0,241401000.0,86243.0,122520000.0,20.0,11.0,40.0,0,4.6,3.4,6.9,11.8,6.3,3.9,7.8,2.9,47.6
PRJ-0133,Matara,Industrial,Sandy,10035.0,2.0,9.0,4.0,189994000.0,37473.0,95992000.0,15.0,11.0,28.0,1,5.3,2.7,5.1,9.6,5.2,3.2,7.3,3.3,41.7
PRJ-0134,Monaragala,Residential,Clay,1081.0,5.0,17.0,8.0,25689000.0,8802.0,14968000.0,4.0,10.0,58.0,0,6.5,2.0,5.7,10.4,4.7,5.1,7.3,1.2,42.9
PRJ-0135,Kalutara,Mixed-Use,Sandy,11836.0,4.0,19.0,7.0,365326000.0,50603.0,206675000.0,19.0,5.0,31.0,0,6.0,3.0,6.1,13.2,6.6,4.9,8.7,3.2,51.7
PRJ-0136,Colombo,Residential,Loam,7062.0,5.0,19.0,6.0,306208000.0,61205.0,191649000.0,21.0,1.0,6.0,0,5.0,1.9,5.3,12.6,6.2,4.9,8.2,2.2,46.3
PRJ-0137,Kalutara,Commercial,Clay,1858.0,3.0,7.0,3.0,34658000.0,9324.0,18164000.0,3.0,2.0,35.0,0,5.6,2.1,4.6,7.3,3.6,3.2,5.7,1.7,33.8
PRJ-0138,Matale,Mixed-Use,Loam,5093.0,3.0,12.0,6.0,139512000.0,25110.0,70279000.0,13.0,4.0,18.0,1,4.8,1.7,4.4,9.7,4.8,4.0,7.3,2.0,38.7
PRJ-0139,Ampara,Residential,Loam,11524.0,4.0,11.0,4.0,292411000.0,68485.0,165901000.0,8.0,5.0,6.0,1,5.7,2.6,5.4,12.8,6.9,3.9,8.2,3.0,48.5
PRJ-0140,Batticaloa,Commercial,Sandy,12820.0,5.0,20.0,9.0,596794000.0,98722.0,319656000.0,23.0,9.0,33.0,1,6.8,3.1,7.3,16.0,8.0,5.6,10.0,3.5,60.3
PRJ-0141,Kalutara,Commercial,Laterite,5978.0,5.0,11.0,4.0,211885000.0,37907.0,107519000.0,16.0,11.0,19.0,0,6.1,2.1,5.5,11.6,5.9,4.1,7.4,2.4,45.1
PRJ-0142,Colombo,Residential,Clay,7780.0,5.0,12.0,6.0,202969000.0,59402.0,123545000.0,13.0,1.0,16.0,1,5.2,2.7,7.3,13.9,7.1,4.4,8.8,2.3,51.7
PRJ-0143,Matale,Commercial,Clay,14272.0,2.0,9.0,3.0,186324000.0,30730.0,96281000.0,3.0,3.0,41.0,0,5.1,3.5,5.7,10.4,5.9,3.1,7.5,3.7,44.9
PRJ-0144,Ratnapura,Commercial,Rocky,10000.0,3.0,8.0,4.0,180646000.0,57817.0,106807000.0,16.0,5.0,32.0,0,6.1,3.4,6.3,10.1,5.4,3.4,7.0,2.9,44.6
PRJ-0145,Batticaloa,Industrial,Loam,2029.0,5.0,22.0,8.0,75779000.0,10755.0,41084000.0,9.0,3.0,24.0,0,6.8,1.4,4.6,11.4,5.0,5.5,7.5,1.9,44.1
PRJ-0146,Galle,Residential,Rocky,10027.0,5.0,14.0,5.0,375460000.0,46072.0,197501000.0,28.0,4.0,43.0,0,4.8,3.4,7.3,13.2,6.8,4.4,8.4,2.7,51.0
PRJ-0147,Hambantota,Residential,Loam,5385.0,2.0,7.0,2.0,91196000.0,15194.0,50793000.0,14.0,3.0,28.0,0,3.9,1.8,3.6,7.0,3.8,2.7,5.8,1.9,30.5
PRJ-0148,Ampara,Mixed-Use,Sandy,9267.0,2.0,8.0,2.0,173999000.0,31909.0,107917000.0,13.0,4.0,25.0,0,4.5,2.6,4.7,8.5,4.6,2.8,6.5,2.8,37.0
PRJ-0149,Ampara,Industrial,Laterite,3540.0,5.0,17.0,7.0,187909000.0,25007.0,105006000.0,21.0,1.0,14.0,1,6.6,1.8,5.6,12.1,5.7,4.9,8.1,2.2,47.0
PRJ-0150,Jaffna,Residential,Laterite,3089.0,1.0,2.0,1.0,15436000.0,3668.0,9456000.0,25.0,12.0,50.0,0,3.1,1.7,3.2,4.7,2.5,2.0,3.5,1.6,22.3
PRJ-0151,Vavuniya,Commercial,Rocky,2039.0,5.0,13.0,7.0,73931000.0,16123.0,38357000.0,7.0,8.0,18.0,1,7.3,2.5,7.1,11.5,5.5,4.8,7.7,1.7,48.1
PRJ-0152,Anuradhapura,Residential,Sandy,6170.0,5.0,10.0,3.0,181834000.0,39667.0,111994000.0,15.0,4.0,41.0,0,5.2,2.3,5.8,11.5,6.0,3.8,7.2,2.1,43.9
PRJ-0153,Galle,Residential,Loam,925.0,2.0,5.0,2.0,10406000.0,3896.0,5573000.0,7.0,7.0,22.0,0,4.9,1.2,3.0,5.7,2.6,2.6,5.0,1.3,26.3
PRJ-0154,Kurunegala,Residential,Sandy,13057.0,2.0,7.0,2.0,178033000.0,54623.0,107106000.0,6.0,2.0,28.0,0,4.1,3.2,5.1,9.8,5.6,2.7,7.0,3.2,40.7
PRJ-0155,Polonnaruwa,Residential,Clay,13304.0,5.0,24.0,7.0,459653000.0,100001.0,268836000.0,2.0,2.0,18.0,0,5.6,3.4,7.2,15.4,7.7,5.4,9.7,3.3,57.7
PRJ-0156,Kandy,Commercial,Alluvial,8273.0,5.0,23.0,7.0,315718000.0,52080.0,201861000.0,9.0,6.0,38.0,0,7.2,2.2,5.7,13.7,6.4,5.3,8.9,2.7,52.1
PRJ-0157,Matale,Residential,Clay,12860.0,5.0,21.0,8.0,391719000.0,117797.0,218618000.0,22.0,2.0,16.0,0,5.0,3.4,7.1,15.0,7.4,5.4,9.3,3.2,55.8
PRJ-0158,Ratnapura,Mixed-Use,Alluvial,10200.0,2.0,8.0,3.0,193041000.0,17369.0,98436000.0,24.0,6.0,26.0,1,5.0,2.5,4.7,9.9,5.3,3.0,7.2,2.9,40.5
PRJ-0159,Galle,Mixed-Use,Loam,6142.0,5.0,19.0,8.0,284362000.0,44980.0,142998000.0,17.0,11.0,60.0,0,5.7,1.9,5.2,12.2,5.9,5.3,8.1,2.3,46.6
PRJ-0160,Vavuniya,Commercial,Clay,8151.0,5.0,13.0,5.0,299808000.0,51794.0,187089000.0,5.0,2.0,10.0,0,6.5,2.8,6.4,12.5,6.4,4.4,7.9,2.7,49.6
PRJ-0161,Ampara,Residential,Loam,7438.0,4.0,18.0,8.0,256226000.0,62144.0,148281000.0,12.0,4.0,40.0,0,4.8,2.1,4.8,11.6,5.5,4.9,8.0,2.3,44.0
PRJ-0162,Kilinochchi,Residential,Laterite,7370.0,1.0,4.0,1.0,64765000.0,6020.0,39914000.0,1.0,7.0,49.0,0,4.7,2.3,3.6,6.4,3.6,2.2,5.3,2.3,30.4
PRJ-0163,Kandy,Industrial,Rocky,4049.0,3.0,11.0,4.0,101530000.0,19119.0,54335000.0,10.0,8.0,40.0,0,6.8,2.8,5.5,8.6,4.0,3.6,6.4,2.2,39.9
PRJ-0164,Vavuniya,Commercial,Laterite,9910.0,1.0,2.0,1.0,75501000.0,18204.0,41659000.0,11.0,3.0,26.0,1,4.4,2.5,4.3,7.5,4.2,2.0,5.4,2.9,33.2
PRJ-0165,Galle,Residential,Rocky,8395.0,4.0,13.0,5.0,227516000.0,49666.0,114785000.0,16.0,9.0,18.0,0,5.7,3.2,6.7,11.4,5.8,4.1,7.5,2.4,46.8
PRJ-0166,Anuradhapura,Industrial,Rocky,14405.0,3.0,10.0,5.0,528479000.0,39739.0,340459000.0,14.0,2.0,20.0,0,5.8,4.0,6.9,11.9,6.4,3.8,7.9,3.9,50.6
PRJ-0167,Monaragala,Industrial,Laterite,12915.0,5.0,22.0,8.0,763329000.0,139575.0,458135000.0,8.0,8.0,40.0,0,7.7,2.9,6.5,15.0,7.5,5.5,9.5,3.7,58.3
PRJ-0168,Gampaha,Mixed-Use,Sandy,7094.0,4.0,14.0,7.0,161907000.0,43279.0,103617000.0,24.0,8.0,60.0,1,5.8,2.4,5.7,11.1,5.8,4.5,7.8,2.4,45.5
PRJ-0169,Jaffna,Commercial,Loam,7327.0,5.0,15.0,7.0,287003000.0,60809.0,154931000.0,17.0,4.0,29.0,0,6.2,2.0,5.4,12.3,6.2,4.9,8.0,2.5,47.5
PRJ-0170,Vavuniya,Commercial,Sandy,6557.0,2.0,9.0,4.0,114586000.0,14835.0,67803000.0,25.0,1.0,36.0,0,4.4,2.3,4.3,8.0,4.0,3.1,6.2,2.4,34.7
PRJ-0171,Mullaitivu,Residential,Alluvial,13395.0,4.0,9.0,5.0,362420000.0,79132.0,218095000.0,18.0,1.0,37.0,0,4.6,2.8,5.7,12.5,6.9,3.8,7.9,3.5,47.7
PRJ-0172,Badulla,Mixed-Use,Alluvial,14447.0,2.0,6.0,2.0,178514000.0,40475.0,97760000.0,12.0,2.0,49.0,0,4.5,3.0,4.9,10.2,5.8,2.6,7.3,3.7,42.0
PRJ-0173,Nuwara Eliya,Industrial,Clay,2769.0,4.0,8.0,2.0,129706000.0,10022.0,81354000.0,25.0,12.0,40.0,1,5.9,2.2,5.7,9.4,4.8,3.3,6.7,2.0,40.0
PRJ-0174,Mannar,Residential,Rocky,11785.0,4.0,16.0,8.0,355729000.0,44718.0,228404000.0,17.0,9.0,24.0,0,5.6,3.6,7.0,13.0,6.6,4.9,8.4,3.0,52.1
PRJ-0175,Mannar,Residential,Alluvial,1691.0,2.0,9.0,4.0,27971000.0,6671.0,17698000.0,28.0,2.0,22.0,0,3.5,1.5,3.3,6.4,2.8,3.3,5.5,1.3,27.6
PRJ-0176,Polonnaruwa,Residential,Clay,5270.0,3.0,8.0,2.0,132242000.0,17956.0,80781000.0,26.0,2.0,42.0,0,4.0,2.5,5.1,8.4,4.5,3.1,6.2,1.9,35.7
PRJ-0177,Kilinochchi,Industrial,Loam,7975.0,1.0,4.0,1.0,87842000.0,8557.0,47577000.0,14.0,6.0,7.0,0,5.7,2.2,3.3,6.6,3.7,2.1,5.5,2.8,31.9
PRJ-0178,Ratnapura,Mixed-Use,Alluvial,11025.0,5.0,14.0,4.0,410566000.0,83067.0,222626000.0,16.0,7.0,27.0,1,6.6,2.6,6.4,14.6,7.7,4.3,9.0,3.0,54.2
PRJ-0179,Mullaitivu,Residential,Clay,10356.0,4.0,18.0,6.0,300219000.0,77722.0,193492000.0,14.0,7.0,36.0,0,5.7,3.0,6.2,12.6,6.2,4.6,8.4,2.7,49.4
PRJ-0180,Galle,Commercial,Rocky,9120.0,5.0,21.0,11.0,297634000.0,40435.0,149276000.0,9.0,9.0,49.0,0,7.3,3.3,7.3,13.6,6.7,5.9,8.8,2.8,55.7
PRJ-0181,Colombo,Residential,Sandy,10006.0,2.0,8.0,3.0,150718000.0,32170.0,91547000.0,4.0,6.0,20.0,0,5.0,2.8,4.7,9.0,4.8,3.1,6.7,2.7,38.8
PRJ-0182,Colombo,Mixed-Use,Alluvial,10791.0,5.0,10.0,4.0,329268000.0,52169.0,199516000.0,25.0,8.0,9.0,0,6.4,2.6,6.0,13.0,7.0,4.0,7.9,3.0,49.9
PRJ-0183,Mullaitivu,Industrial,Alluvial,7612.0,2.0,9.0,3.0,162469000.0,12956.0,96410000.0,23.0,11.0,8.0,0,5.1,2.2,4.0,8.5,4.2,3.0,6.5,2.8,36.3
PRJ-0184,Mullaitivu,Industrial,Alluvial,8319.0,5.0,20.0,6.0,322214000.0,36347.0,208961000.0,11.0,6.0,25.0,0,7.7,2.3,5.7,13.1,6.4,5.0,8.5,2.8,51.5
PRJ-0185,Polonnaruwa,Residential,Loam,14469.0,1.0,2.0,1.0,72764000.0,28473.0,39786000.0,6.0,2.0,44.0,1,3.6,2.9,4.4,8.9,5.5,2.0,5.4,3.5,36.2
PRJ-0186,Vavuniya,Residential,Laterite,5412.0,1.0,4.0,1.0,28379000.0,5223.0,15637000.0,15.0,1.0,55.0,0,3.3,2.0,3.4,5.7,3.0,2.1,4.1,2.0,25.6
PRJ-0187,Hambantota,Residential,Laterite,10510.0,1.0,2.0,1.0,47389000.0,9072.0,24256000.0,5.0,5.0,18.0,0,4.6,2.7,4.1,7.1,4.2,2.0,4.4,2.8,31.9
PRJ-0188,Kalutara,Residential,Sandy,13173.0,1.0,4.0,2.0,101884000.0,18614.0,57709000.0,11.0,9.0,43.0,0,4.4,3.0,4.7,8.2,4.8,2.3,6.1,3.3,36.8
PRJ-0189,Galle,Industrial,Laterite,1998.0,1.0,2.0,1.0,21806000.0,3959.0,11757000.0,25.0,8.0,35.0,0,5.5,1.6,3.0,4.3,2.3,2.0,4.5,1.9,25.1
PRJ-0190,Nuwara Eliya,Industrial,Clay,12865.0,1.0,4.0,2.0,122785000.0,15018.0,67717000.0,18.0,4.0,18.0,0,4.8,3.4,5.0,8.2,4.8,2.3,6.3,3.6,38.4
PRJ-0191,Matara,Mixed-Use,Loam,6038.0,2.0,7.0,3.0,72577000.0,16790.0,45374000.0,30.0,5.0,10.0,0,4.8,1.9,3.6,7.4,3.9,3.0,6.0,2.2,32.8
PRJ-0192,Hambantota,Mixed-Use,Sandy,11466.0,4.0,9.0,4.0,257178000.0,39255.0,164677000.0,13.0,5.0,16.0,0,6.1,2.9,6.0,12.0,6.5,3.7,7.6,3.1,47.9
PRJ-0193,Matale,Commercial,Clay,6889.0,5.0,13.0,5.0,197459000.0,49212.0,104231000.0,11.0,6.0,20.0,0,7.2,2.7,6.3,12.0,6.0,4.4,8.0,2.4,49.0
PRJ-0194,Colombo,Commercial,Clay,12477.0,1.0,2.0,1.0,81816000.0,20071.0,45480000.0,14.0,3.0,21.0,0,4.4,3.3,5.0,7.9,4.6,2.1,5.4,3.4,36.1
PRJ-0195,Anuradhapura,Mixed-Use,Rocky,7057.0,2.0,6.0,2.0,138108000.0,22572.0,88292000.0,28.0,5.0,49.0,1,4.8,3.1,5.7,8.2,4.4,2.7,6.3,2.4,37.6
PRJ-0196,Jaffna,Industrial,Sandy,13041.0,2.0,5.0,1.0,204005000.0,33004.0,103894000.0,18.0,2.0,27.0,0,5.2,3.0,5.1,9.6,5.5,2.4,6.8,3.7,41.3
PRJ-0197,Mannar,Residential,Rocky,8505.0,2.0,7.0,2.0,103663000.0,21122.0,53268000.0,27.0,10.0,18.0,1,4.3,3.3,6.0,8.6,4.7,2.8,6.4,2.5,38.6
PRJ-0198,Kegalle,Residential,Clay,4519.0,4.0,11.0,4.0,89911000.0,17159.0,47151000.0,28.0,1.0,11.0,0,4.3,2.3,5.5,9.8,4.9,3.8,6.7,1.8,39.1
PRJ-0199,Ampara,Residential,Sandy,1102.0,5.0,14.0,6.0,30308000.0,7237.0,17860000.0,25.0,11.0,50.0,0,4.8,1.7,5.2,10.0,4.8,4.6,6.9,1.2,39.2
PRJ-0200,Monaragala,Mixed-Use,Loam,12944.0,4.0,16.0,8.0,407062000.0,48633.0,212719000.0,28.0,1.0,36.0,0,4.8,2.6,5.4,12.9,6.9,4.9,8.6,3.4,49.5
PRJ-0201,Kegalle,Commercial,Laterite,13675.0,3.0,6.0,2.0,371014000.0,76849.0,239382000.0,19.0,10.0,19.0,0,6.0,3.1,5.6,11.2,6.3,2.9,7.5,3.6,46.2
PRJ-0202,Hambantota,Residential,Sandy,1786.0,2.0,9.0,2.0,20018000.0,7690.0,11350000.0,24.0,7.0,48.0,0,4.4,1.8,3.6,6.3,2.9,3.0,5.6,1.4,29.0
PRJ-0203,Polonnaruwa,Commercial,Rocky,10855.0,3.0,13.0,7.0,193753000.0,70279.0,111452000.0,27.0,2.0,21.0,1,4.8,3.5,7.2,12.5,6.4,4.2,8.5,3.2,50.3
PRJ-0204,Kurunegala,Commercial,Laterite,5240.0,1.0,4.0,2.0,41001000.0,10538.0,22017000.0,15.0,4.0,45.0,0,4.4,2.1,3.4,5.7,3.2,2.2,4.9,2.3,28.2
PRJ-0205,Kurunegala,Residential,Rocky,5709.0,1.0,3.0,1.0,31707000.0,9369.0,18093000.0,9.0,5.0,58.0,0,4.5,2.9,4.8,5.8,3.2,2.1,4.1,2.1,29.5
PRJ-0206,Polonnaruwa,Residential,Sandy,3872.0,4.0,18.0,10.0,84998000.0,27587.0,50938000.0,8.0,7.0,51.0,1,5.8,2.1,5.5,11.1,5.1,5.4,8.1,1.6,44.7
PRJ-0207,Mannar,Commercial,Clay,14398.0,5.0,12.0,5.0,793634000.0,86337.0,486241000.0,20.0,2.0,48.0,0,6.0,3.5,7.3,14.5,7.9,4.3,8.7,3.7,55.9
PRJ-0208,Galle,Residential,Laterite,14765.0,3.0,6.0,3.0,322173000.0,74552.0,197518000.0,28.0,6.0,38.0,0,4.8,3.1,5.7,11.7,6.7,3.1,7.5,3.6,46.2
PRJ-0209,Gampaha,Commercial,Clay,3924.0,5.0,13.0,4.0,171821000.0,28212.0,100805000.0,1.0,1.0,9.0,0,6.6,2.3,5.9,10.8,5.4,4.3,7.1,2.0,44.4
PRJ-0210,Kalutara,Residential,Laterite,10319.0,4.0,17.0,6.0,262969000.0,60875.0,167157000.0,4.0,7.0,49.0,1,5.9,2.6,6.3,14.1,7.0,4.6,9.2,2.8,52.5
PRJ-0211,Kurunegala,Industrial,Loam,14180.0,1.0,2.0,1.0,127653000.0,26387.0,79478000.0,14.0,9.0,31.0,0,5.8,2.9,4.1,8.7,5.2,2.1,6.4,3.9,39.1
PRJ-0212,Matale,Commercial,Alluvial,11400.0,5.0,18.0,6.0,494053000.0,68097.0,303130000.0,25.0,5.0,56.0,1,6.7,2.6,6.7,15.6,7.9,4.8,9.6,3.3,57.2
PRJ-0213,Kurunegala,Commercial,Laterite,12665.0,5.0,24.0,8.0,604274000.0,78856.0,307177000.0,2.0,5.0,27.0,1,7.3,2.9,6.7,15.9,7.8,5.6,9.9,3.5,59.6
PRJ-0214,Kegalle,Industrial,Alluvial,8925.0,1.0,4.0,1.0,95707000.0,18693.0,47952000.0,16.0,4.0,44.0,0,4.9,2.3,3.7,6.9,3.8,2.2,5.8,3.0,32.6
PRJ-0215,Kurunegala,Residential,Sandy,4091.0,3.0,10.0,5.0,64711000.0,10784.0,34418000.0,3.0,3.0,18.0,0,4.7,2.2,4.5,8.3,4.0,3.7,6.2,1.7,35.3
PRJ-0216,Kurunegala,Residential,Laterite,4833.0,1.0,2.0,1.0,32625000.0,7152.0,19560000.0,26.0,9.0,19.0,0,4.1,2.0,3.4,5.4,2.9,2.0,4.4,1.9,26.1
PRJ-0217,Gampaha,Residential,Loam,5905.0,5.0,22.0,7.0,187596000.0,61351.0,105369000.0,8.0,5.0,47.0,1,6.2,1.9,5.7,13.9,6.6,5.3,9.3,2.0,50.9
PRJ-0218,Gampaha,Commercial,Loam,1503.0,3.0,11.0,5.0,47442000.0,7460.0,26585000.0,6.0,8.0,37.0,0,6.4,1.3,3.5,7.5,3.5,3.8,6.0,1.6,33.6
PRJ-0219,Monaragala,Commercial,Rocky,8933.0,3.0,7.0,3.0,245927000.0,41940.0,155595000.0,16.0,9.0,57.0,0,6.1,3.3,6.2,9.6,5.3,3.2,6.7,2.9,43.3
PRJ-0220,Ratnapura,Commercial,Laterite,1374.0,1.0,2.0,1.0,11844000.0,1580.0,7513000.0,24.0,5.0,35.0,0,5.0,1.5,2.9,4.3,2.1,2.0,4.4,1.5,23.7
PRJ-0221,Matale,Residential,Alluvial,6504.0,5.0,23.0,11.0,163227000.0,41645.0,103874000.0,16.0,10.0,39.0,0,6.0,2.1,5.5,13.0,6.0,6.0,8.7,2.1,49.4
PRJ-0222,Colombo,Residential,Laterite,12224.0,4.0,16.0,6.0,353292000.0,97443.0,193280000.0,7.0,9.0,21.0,1,5.8,2.8,6.2,13.8,7.1,4.4,9.0,3.2,52.3
PRJ-0223,Colombo,Residential,Loam,8648.0,5.0,22.0,8.0,217386000.0,68445.0,131227000.0,30.0,2.0,32.0,0,4.7,2.2,5.5,13.6,6.5,5.5,8.7,2.6,49.3
PRJ-0224,Anuradhapura,Residential,Loam,6008.0,2.0,9.0,5.0,72305000.0,18272.0,39099000.0,13.0,9.0,23.0,0,4.8,1.9,3.6,7.7,3.9,3.3,6.2,2.1,33.5
PRJ-0225,Gampaha,Commercial,Rocky,13775.0,4.0,14.0,5.0,354210000.0,51762.0,187232000.0,13.0,11.0,50.0,1,5.7,3.8,8.0,14.6,7.7,4.2,9.2,3.6,56.8
PRJ-0226,Badulla,Residential,Sandy,7724.0,3.0,10.0,4.0,176439000.0,19058.0,93106000.0,5.0,4.0,58.0,0,4.6,2.4,5.0,9.6,5.0,3.6,7.0,2.4,39.6
PRJ-0227,Mannar,Residential,Clay,11624.0,4.0,13.0,7.0,252387000.0,99927.0,139145000.0,25.0,6.0,27.0,1,5.4,3.2,6.7,12.9,6.9,4.5,8.4,3.1,51.1
PRJ-0228,Nuwara Eliya,Industrial,Sandy,4628.0,3.0,8.0,4.0,121745000.0,18435.0,68724000.0,20.0,6.0,36.0,1,6.5,2.2,4.8,8.6,4.4,3.5,6.2,2.2,38.4
PRJ-0229,Ratnapura,Residential,Sandy,4030.0,3.0,9.0,2.0,103134000.0,19882.0,64422000.0,22.0,6.0,44.0,0,5.1,2.0,4.5,8.3,4.2,3.1,6.1,1.7,35.0
PRJ-0230,Kandy,Residential,Sandy,1288.0,4.0,17.0,5.0,27921000.0,4697.0,14463000.0,18.0,2.0,17.0,0,4.7,1.8,4.7,9.3,4.1,4.4,7.0,1.3,37.3
PRJ-0231,Ratnapura,Commercial,Sandy,7914.0,3.0,11.0,3.0,201365000.0,41699.0,122881000.0,15.0,7.0,24.0,1,6.1,2.5,5.4,10.7,5.5,3.4,7.6,2.7,43.9
PRJ-0232,Kilinochchi,Residential,Clay,10339.0,3.0,14.0,6.0,198097000.0,65309.0,114840000.0,18.0,6.0,39.0,1,5.2,3.2,6.4,11.9,6.2,4.1,8.3,2.8,48.1
PRJ-0233,Kegalle,Commercial,Clay,12673.0,2.0,6.0,2.0,145155000.0,40704.0,78847000.0,2.0,11.0,9.0,0,5.1,3.2,5.6,9.5,5.5,2.7,6.8,3.5,41.9
PRJ-0234,Kurunegala,Industrial,Alluvial,3973.0,5.0,19.0,6.0,224363000.0,19399.0,128767000.0,10.0,1.0,13.0,0,6.8,1.8,5.1,11.7,5.4,5.0,7.7,2.1,45.6
PRJ-0235,Nuwara Eliya,Mixed-Use,Loam,13581.0,5.0,19.0,11.0,375672000.0,109627.0,204738000.0,23.0,2.0,33.0,0,5.5,2.7,6.1,14.9,7.5,5.8,9.2,3.4,55.1
PRJ-0236,Kegalle,Residential,Loam,2467.0,2.0,7.0,3.0,32733000.0,9241.0,19293000.0,13.0,7.0,10.0,0,4.8,1.3,3.2,6.2,3.0,2.9,5.6,1.4,28.4
PRJ-0237,Matale,Mixed-Use,Rocky,10629.0,4.0,16.0,5.0,343381000.0,58204.0,194037000.0,18.0,1.0,29.0,0,5.1,3.5,6.9,12.5,6.3,4.3,8.2,3.0,49.8
PRJ-0238,Polonnaruwa,Residential,Sandy,4914.0,1.0,2.0,1.0,36009000.0,9984.0,18893000.0,15.0,1.0,35.0,0,3.3,2.2,3.6,5.3,2.9,2.0,4.7,1.9,25.9
PRJ-0239,Gampaha,Residential,Alluvial,4353.0,1.0,3.0,1.0,33078000.0,7436.0,17117000.0,12.0,1.0,26.0,1,3.5,1.8,3.2,5.5,2.9,2.1,4.8,1.7,25.5
PRJ-0240,Nuwara Eliya,Residential,Laterite,8561.0,1.0,2.0,1.0,48282000.0,17627.0,28100000.0,15.0,8.0,6.0,0,4.3,2.4,3.9,6.8,3.8,2.1,4.6,2.4,30.3
PRJ-0241,Monaragala,Mixed-Use,Clay,1800.0,2.0,6.0,2.0,18816000.0,6022.0,11955000.0,13.0,4.0,49.0,0,4.4,2.2,4.1,6.1,2.9,2.6,5.4,1.5,29.2
PRJ-0242,Kilinochchi,Residential,Loam,9842.0,2.0,6.0,3.0,152659000.0,19365.0,84206000.0,18.0,4.0,9.0,0,3.8,2.3,4.0,8.8,4.7,2.8,6.5,2.8,35.7
PRJ-0243,Trincomalee,Residential,Laterite,2188.0,3.0,11.0,4.0,45360000.0,8097.0,27667000.0,15.0,2.0,31.0,0,4.3,1.7,4.0,7.8,3.6,3.6,6.1,1.5,32.6
PRJ-0244,Trincomalee,Commercial,Alluvial,6250.0,1.0,4.0,1.0,64551000.0,6766.0,38653000.0,25.0,11.0,29.0,0,4.0,2.0,3.3,6.2,3.3,2.0,5.5,2.4,28.7
PRJ-0245,Colombo,Residential,Loam,4512.0,4.0,15.0,6.0,147926000.0,37402.0,94633000.0,23.0,11.0,12.0,1,4.5,1.7,4.6,10.5,5.0,4.4,7.5,1.8,40.0
PRJ-0246,Hambantota,Residential,Rocky,2167.0,4.0,16.0,5.0,71901000.0,16162.0,44805000.0,11.0,11.0,59.0,0,4.8,2.5,5.8,9.4,4.3,4.3,6.9,1.4,39.4
PRJ-0247,Nuwara Eliya,Residential,Clay,8989.0,1.0,3.0,1.0,60073000.0,15703.0,35142000.0,19.0,1.0,5.0,1,3.3,2.9,4.8,6.9,4.0,2.0,5.1,2.6,31.6
PRJ-0248,Trincomalee,Residential,Alluvial,9813.0,1.0,3.0,1.0,58891000.0,11985.0,35249000.0,3.0,12.0,24.0,1,3.8,2.5,3.9,7.5,4.2,2.1,5.0,2.7,31.7
PRJ-0249,Kalutara,Residential,Sandy,1254.0,1.0,2.0,1.0,10110000.0,1326.0,6417000.0,7.0,10.0,48.0,0,4.5,1.8,3.0,4.1,2.1,2.0,4.2,1.3,23.0
PRJ-0250,Polonnaruwa,Residential,Alluvial,10616.0,2.0,5.0,1.0,138662000.0,39471.0,77641000.0,21.0,9.0,27.0,0,4.6,2.6,4.4,8.8,4.8,2.4,6.5,2.7,36.8
PRJ-0251,Kandy,Commercial,Rocky,3572.0,2.0,6.0,3.0,47557000.0,10458.0,26110000.0,26.0,7.0,36.0,0,5.3,2.6,4.9,6.5,3.4,2.9,5.4,1.9,32.9
PRJ-0252,Anuradhapura,Residential,Rocky,4526.0,2.0,6.0,3.0,75561000.0,10103.0,37903000.0,14.0,4.0,15.0,0,3.8,2.8,5.1,6.9,3.6,2.9,5.8,1.8,32.7
PRJ-0253,Kalutara,Residential,Loam,8032.0,5.0,10.0,5.0,340216000.0,66797.0,212289000.0,14.0,12.0,43.0,1,5.2,2.2,5.7,12.6,6.6,4.3,7.9,2.4,46.9
PRJ-0254,Anuradhapura,Industrial,Sandy,12139.0,4.0,9.0,5.0,448548000.0,41587.0,278166000.0,22.0,6.0,51.0,1,6.8,3.0,6.5,12.8,7.1,3.8,8.2,3.6,51.8
PRJ-0255,Polonnaruwa,Residential,Clay,13081.0,4.0,11.0,4.0,253282000.0,65752.0,130609000.0,13.0,2.0,58.0,0,4.8,3.4,6.6,12.7,6.9,3.9,8.0,3.3,49.6
PRJ-0256,Galle,Commercial,Sandy,5606.0,3.0,14.0,8.0,131290000.0,24487.0,77005000.0,12.0,7.0,28.0,0,6.3,2.3,4.8,9.1,4.4,4.5,7.1,2.3,40.8
PRJ-0257,Polonnaruwa,Residential,Clay,2990.0,2.0,5.0,1.0,48533000.0,6023.0,27644000.0,24.0,2.0,15.0,0,3.5,2.2,4.2,6.2,3.2,2.4,5.4,1.6,28.7
PRJ-0258,Hambantota,Residential,Laterite,9908.0,5.0,17.0,9.0,423962000.0,107924.0,219530000.0,9.0,10.0,33.0,0,6.3,2.6,6.1,13.2,6.7,5.3,8.5,2.8,51.5
PRJ-0259,Colombo,Residential,Sandy,12978.0,5.0,12.0,7.0,351420000.0,70908.0,227399000.0,1.0,8.0,58.0,0,6.5,3.0,6.7,13.8,7.5,4.7,8.6,3.3,54.1
PRJ-0260,Matara,Residential,Clay,3675.0,4.0,15.0,7.0,70580000.0,14443.0,37563000.0,19.0,8.0,30.0,0,5.5,2.3,5.4,9.9,4.8,4.6,7.1,1.7,41.3
PRJ-0261,Galle,Residential,Alluvial,6392.0,2.0,5.0,2.0,108000000.0,13870.0,55089000.0,11.0,1.0,20.0,1,3.9,2.0,4.1,7.4,4.0,2.6,6.0,2.1,32.1
PRJ-0262,Puttalam,Residential,Laterite,2240.0,3.0,7.0,3.0,42016000.0,12611.0,24757000.0,23.0,8.0,39.0,0,4.9,1.7,4.0,7.3,3.7,3.1,5.8,1.4,31.9
PRJ-0263,Matara,Residential,Alluvial,13392.0,2.0,7.0,2.0,185825000.0,37383.0,113507000.0,22.0,2.0,24.0,0,3.6,2.8,4.8,10.0,5.6,2.7,7.0,3.3,39.8
PRJ-0264,Colombo,Residential,Alluvial,9727.0,1.0,2.0,1.0,86145000.0,15481.0,43492000.0,23.0,6.0,50.0,0,4.1,2.4,3.8,7.0,4.0,2.0,5.6,2.7,31.6
PRJ-0265,Kilinochchi,Residential,Clay,12560.0,2.0,4.0,1.0,120564000.0,20835.0,72195000.0,24.0,1.0,7.0,0,3.6,3.3,5.5,9.6,5.4,2.4,6.5,3.2,39.5
PRJ-0266,Mullaitivu,Residential,Loam,6859.0,1.0,2.0,1.0,50876000.0,5818.0,29500000.0,22.0,5.0,5.0,0,4.0,2.0,3.2,6.2,3.4,2.0,4.7,2.3,27.8
PRJ-0267,Mullaitivu,Residential,Laterite,12330.0,1.0,2.0,1.0,59597000.0,17560.0,30722000.0,19.0,11.0,57.0,0,3.3,2.8,4.3,7.8,4.7,2.0,4.9,3.1,32.9
PRJ-0268,Puttalam,Residential,Rocky,7810.0,3.0,6.0,3.0,145023000.0,45532.0,76264000.0,18.0,7.0,51.0,1,5.1,3.2,6.6,9.9,5.4,3.1,7.1,2.3,42.7
PRJ-0269,Ratnapura,Commercial,Clay,12007.0,4.0,12.0,4.0,487314000.0,97945.0,285174000.0,12.0,10.0,5.0,0,6.7,3.2,6.4,12.5,6.7,3.9,8.0,3.4,50.8
PRJ-0270,Jaffna,Residential,Laterite,7917.0,2.0,8.0,4.0,102139000.0,14589.0,55610000.0,23.0,1.0,21.0,0,3.6,2.3,4.2,8.2,4.4,3.2,6.5,2.3,34.7
PRJ-0271,Kalutara,Commercial,Sandy,11881.0,1.0,3.0,1.0,133473000.0,18460.0,85522000.0,28.0,2.0,6.0,0,3.9,3.0,4.4,7.7,4.6,2.1,6.1,3.3,35.1
PRJ-0272,Galle,Commercial,Sandy,9953.0,2.0,7.0,4.0,174570000.0,41375.0,108724000.0,28.0,7.0,33.0,0,5.3,2.7,4.8,8.8,4.8,3.1,6.5,3.0,39.0
PRJ-0273,Trincomalee,Residential,Loam,3789.0,4.0,11.0,6.0,90106000.0,20357.0,58347000.0,28.0,6.0,24.0,1,5.3,1.6,4.8,10.3,5.0,4.2,7.2,1.7,40.1
PRJ-0274,Trincomalee,Industrial,Loam,12840.0,4.0,19.0,8.0,394789000.0,100737.0,212772000.0,27.0,3.0,10.0,0,5.8,2.7,5.5,13.4,6.8,5.0,8.8,3.6,51.6
PRJ-0275,Mullaitivu,Mixed-Use,Loam,10018.0,5.0,15.0,8.0,350076000.0,49448.0,225960000.0,1.0,10.0,12.0,0,7.0,2.3,5.8,13.3,7.0,5.0,8.3,2.9,51.6
PRJ-0276,Polonnaruwa,Residential,Clay,7028.0,4.0,9.0,4.0,173631000.0,59304.0,98047000.0,19.0,2.0,33.0,1,4.6,2.7,6.5,11.6,6.2,3.7,7.9,2.2,45.4
PRJ-0277,Kurunegala,Residential,Laterite,12857.0,3.0,11.0,3.0,185496000.0,71433.0,102418000.0,28.0,10.0,52.0,1,4.8,2.9,5.6,11.7,6.5,3.4,8.0,3.2,46.1
PRJ-0278,Gampaha,Industrial,Sandy,7271.0,1.0,2.0,1.0,62736000.0,15399.0,31842000.0,27.0,4.0,55.0,0,4.5,2.5,3.9,6.2,3.6,2.0,5.3,2.7,30.7
PRJ-0279,Colombo,Commercial,Clay,3663.0,5.0,15.0,7.0,150849000.0,32001.0,76618000.0,20.0,3.0,37.0,0,5.9,2.3,5.9,11.2,5.4,4.9,7.5,2.0,45.1
PRJ-0280,Trincomalee,Residential,Laterite,14561.0,3.0,10.0,3.0,338645000.0,57171.0,204474000.0,29.0,7.0,7.0,0,4.7,3.1,5.6,11.8,6.6,3.3,7.9,3.5,46.5
PRJ-0281,Mannar,Residential,Alluvial,11493.0,2.0,9.0,4.0,171367000.0,48580.0,97455000.0,30.0,8.0,39.0,1,4.3,2.6,4.7,10.0,5.4,3.2,7.2,3.0,40.4
PRJ-0282,Matale,Residential,Laterite,10939.0,1.0,3.0,1.0,84115000.0,12971.0,44916000.0,17.0,2.0,9.0,0,3.3,2.8,4.1,7.4,4.3,2.1,5.5,2.8,32.3
PRJ-0283,Matale,Residential,Laterite,1977.0,4.0,16.0,5.0,35884000.0,10004.0,21247000.0,5.0,10.0,31.0,1,5.9,1.6,5.0,10.2,4.7,4.3,7.5,1.4,40.6
PRJ-0284,Ratnapura,Commercial,Rocky,5560.0,1.0,4.0,1.0,38083000.0,9903.0,20486000.0,26.0,7.0,48.0,1,4.9,2.9,5.1,6.1,3.3,2.1,4.8,2.3,31.5
PRJ-0285,Hambantota,Residential,Loam,811.0,2.0,4.0,2.0,12129000.0,3035.0,7115000.0,3.0,8.0,16.0,0,5.0,1.3,2.9,5.3,2.6,2.5,4.9,1.1,25.6
PRJ-0286,Hambantota,Residential,Clay,6052.0,5.0,14.0,6.0,202075000.0,63581.0,111926000.0,2.0,6.0,24.0,0,6.5,2.5,6.2,11.8,5.9,4.6,7.7,2.1,47.3
PRJ-0287,Kalutara,Commercial,Loam,5199.0,5.0,15.0,4.0,146999000.0,28249.0,91659000.0,3.0,6.0,49.0,0,7.3,1.7,5.1,11.8,5.8,4.4,7.8,2.2,46.1
PRJ-0288,Anuradhapura,Residential,Sandy,12356.0,5.0,16.0,4.0,501668000.0,118444.0,312592000.0,8.0,10.0,24.0,0,6.3,2.9,6.6,14.1,7.3,4.4,8.7,3.1,53.4
PRJ-0289,Trincomalee,Residential,Sandy,12014.0,4.0,12.0,4.0,383374000.0,88133.0,219138000.0,16.0,1.0,13.0,0,4.7,3.0,6.0,12.7,6.6,4.0,7.9,3.1,48.0
PRJ-0290,Trincomalee,Commercial,Rocky,12363.0,3.0,14.0,8.0,323040000.0,32984.0,178519000.0,6.0,4.0,43.0,0,5.6,3.7,6.6,11.6,6.0,4.5,7.9,3.4,49.3
PRJ-0291,Kalutara,Industrial,Loam,14851.0,3.0,12.0,4.0,299339000.0,59795.0,165949000.0,13.0,1.0,8.0,0,5.8,3.0,5.2,12.2,6.6,3.6,8.1,4.0,48.5
PRJ-0292,Polonnaruwa,Residential,Clay,11822.0,1.0,3.0,1.0,93977000.0,14138.0,58346000.0,30.0,4.0,55.0,0,2.8,3.2,4.9,7.9,4.5,2.1,5.8,3.0,34.2
PRJ-0293,Kegalle,Residential,Sandy,9034.0,4.0,11.0,4.0,257531000.0,44313.0,141443000.0,23.0,2.0,58.0,0,4.4,2.6,5.6,11.6,5.9,3.8,7.5,2.5,43.9
PRJ-0294,Monaragala,Residential,Rocky,9935.0,5.0,22.0,8.0,398335000.0,108099.0,211659000.0,28.0,11.0,23.0,0,4.8,3.4,7.3,13.9,6.9,5.4,9.1,2.8,53.6
PRJ-0295,Kegalle,Residential,Clay,11382.0,5.0,24.0,13.0,448614000.0,96741.0,230006000.0,22.0,5.0,42.0,0,5.9,3.2,7.1,14.6,7.1,6.0,9.3,3.1,56.3
PRJ-0296,Colombo,Residential,Laterite,6245.0,2.0,8.0,4.0,101338000.0,22541.0,57763000.0,22.0,10.0,31.0,0,4.5,2.1,4.0,7.6,3.9,3.1,6.1,2.1,33.4
PRJ-0297,Kegalle,Residential,Loam,11537.0,2.0,4.0,1.0,157619000.0,50007.0,90208000.0,16.0,9.0,49.0,0,4.7,2.5,4.2,9.0,5.1,2.4,6.6,2.9,37.4
PRJ-0298,Polonnaruwa,Residential,Loam,11403.0,5.0,19.0,8.0,292570000.0,75721.0,183189000.0,28.0,11.0,47.0,0,4.8,2.5,5.9,14.0,7.2,5.3,9.0,2.9,51.6
PRJ-0299,Kilinochchi,Residential,Loam,13978.0,5.0,10.0,3.0,525587000.0,134369.0,280236000.0,16.0,12.0,17.0,0,5.1,2.7,6.1,14.1,7.8,3.8,8.6,3.4,51.6
PRJ-0300,Kurunegala,Residential,Laterite,7370.0,4.0,11.0,4.0,214972000.0,41518.0,119771000.0,3.0,10.0,17.0,1,6.0,2.2,5.6,11.6,6.0,3.8,7.7,2.3,45.2
PRJ-0301,Matara,Residential,Sandy,9996.0,3.0,6.0,2.0,235110000.0,60496.0,146065000.0,28.0,3.0,26.0,0,3.8,2.6,5.4,9.9,5.5,2.9,6.8,2.7,39.6
PRJ-0302,Kandy,Residential,Rocky,9012.0,2.0,7.0,2.0,94887000.0,18978.0,59166000.0,13.0,8.0,32.0,0,4.7,3.3,5.6,8.5,4.6,2.7,6.4,2.6,38.4
PRJ-0303,Nuwara Eliya,Residential,Loam,1206.0,3.0,12.0,4.0,19455000.0,7695.0,10850000.0,14.0,3.0,56.0,0,4.2,1.3,3.4,7.5,3.4,3.5,6.0,1.2,30.5
PRJ-0304,Matara,Residential,Sandy,10006.0,4.0,9.0,3.0,340478000.0,44278.0,193687000.0,8.0,6.0,51.0,0,5.8,2.7,5.7,11.5,6.3,3.6,7.4,2.6,45.6
PRJ-0305,Polonnaruwa,Industrial,Laterite,5231.0,5.0,15.0,8.0,288355000.0,32869.0,157296000.0,12.0,4.0,57.0,0,6.7,2.1,5.5,11.6,5.7,5.1,7.7,2.4,46.8
PRJ-0306,Kalutara,Commercial,Laterite,10830.0,3.0,10.0,5.0,348741000.0,60388.0,223154000.0,23.0,8.0,49.0,0,5.9,2.8,5.2,10.8,5.7,3.7,7.3,3.2,44.6
PRJ-0307,Trincomalee,Commercial,Rocky,12180.0,5.0,15.0,4.0,602470000.0,82292.0,311957000.0,23.0,11.0,26.0,0,5.9,3.7,7.6,14.2,7.4,4.3,8.6,3.4,55.1
PRJ-0308,Mullaitivu,Commercial,Laterite,6043.0,5.0,11.0,5.0,271452000.0,49900.0,173746000.0,22.0,6.0,47.0,0,6.8,2.1,5.6,11.5,5.9,4.2,7.4,2.3,45.8
PRJ-0309,Kalutara,Residential,Laterite,7342.0,1.0,3.0,1.0,54651000.0,10443.0,32932000.0,21.0,8.0,23.0,0,4.1,2.3,3.7,6.3,3.6,2.0,5.0,2.3,29.3
PRJ-0310,Mullaitivu,Residential,Rocky,7736.0,3.0,12.0,5.0,197293000.0,42687.0,114378000.0,26.0,1.0,12.0,0,3.9,3.1,6.1,9.9,5.0,3.8,7.1,2.4,41.3
PRJ-0311,Puttalam,Residential,Laterite,14915.0,3.0,6.0,3.0,317897000.0,50099.0,160506000.0,8.0,6.0,56.0,1,5.5,3.1,6.1,12.5,7.2,3.1,8.1,3.6,49.2
PRJ-0312,Batticaloa,Commercial,Rocky,9706.0,5.0,11.0,6.0,445612000.0,42796.0,254596000.0,21.0,1.0,12.0,1,5.9,3.3,7.6,13.3,7.1,4.5,8.3,2.9,52.9
PRJ-0313,Puttalam,Commercial,Rocky,4946.0,4.0,12.0,7.0,128699000.0,24135.0,72221000.0,25.0,1.0,46.0,1,5.4,2.8,6.9,11.0,5.4,4.4,7.8,2.2,45.9
PRJ-0314,Gampaha,Residential,Rocky,12846.0,1.0,4.0,1.0,85203000.0,18807.0,44662000.0,9.0,8.0,30.0,0,4.5,3.7,5.6,8.1,4.8,2.2,5.6,3.1,37.6
PRJ-0315,Monaragala,Residential,Laterite,13411.0,5.0,20.0,8.0,517919000.0,69417.0,309955000.0,1.0,7.0,52.0,0,6.4,3.0,6.5,15.0,7.6,5.4,9.3,3.4,56.6
PRJ-0316,Kalutara,Residential,Clay,13876.0,2.0,8.0,4.0,158720000.0,35986.0,102481000.0,6.0,3.0,55.0,1,4.0,3.5,6.0,11.0,6.1,3.2,7.6,3.4,44.8
PRJ-0317,Trincomalee,Residential,Laterite,940.0,2.0,6.0,2.0,10171000.0,2557.0,5943000.0,23.0,6.0,30.0,1,4.4,1.6,3.5,5.6,2.7,2.8,5.3,1.1,27.0
PRJ-0318,Hambantota,Commercial,Laterite,13557.0,1.0,3.0,1.0,100190000.0,11935.0,60837000.0,19.0,9.0,27.0,0,5.1,3.0,4.5,8.4,4.9,2.0,5.7,3.6,37.2
PRJ-0319,Kandy,Commercial,Clay,5682.0,4.0,8.0,3.0,158720000.0,36743.0,80990000.0,23.0,7.0,47.0,1,6.4,2.6,5.9,10.1,5.4,3.6,7.0,2.3,43.3
PRJ-0320,Colombo,Residential,Laterite,14913.0,5.0,19.0,9.0,407655000.0,151969.0,229367000.0,11.0,12.0,17.0,1,5.3,3.1,7.7,16.0,8.0,5.4,10.0,3.5,59.0
PRJ-0321,Kandy,Mixed-Use,Clay,14445.0,3.0,14.0,5.0,319535000.0,43874.0,165345000.0,11.0,3.0,32.0,0,5.1,3.4,6.3,12.3,6.5,3.9,8.1,3.6,49.2
PRJ-0322,Colombo,Commercial,Sandy,6812.0,1.0,3.0,1.0,73104000.0,11151.0,43272000.0,23.0,6.0,13.0,0,4.9,2.4,3.8,6.1,3.4,2.1,5.3,2.4,30.4
PRJ-0323,Batticaloa,Residential,Rocky,1763.0,4.0,18.0,10.0,47825000.0,12204.0,30645000.0,30.0,11.0,24.0,0,4.3,2.4,5.8,9.6,4.3,5.3,7.1,1.4,40.2
PRJ-0324,Badulla,Residential,Clay,7951.0,3.0,12.0,3.0,127510000.0,33086.0,76412000.0,13.0,4.0,60.0,0,4.3,2.8,5.4,9.7,5.0,3.5,7.1,2.4,40.2
PRJ-0325,Trincomalee,Residential,Laterite,9364.0,2.0,4.0,1.0,90763000.0,33365.0,46427000.0,11.0,3.0,23.0,0,3.9,2.4,4.6,8.3,4.7,2.3,6.2,2.5,34.9
PRJ-0326,Polonnaruwa,Residential,Laterite,12627.0,2.0,9.0,3.0,192756000.0,34725.0,106633000.0,18.0,9.0,52.0,0,4.6,3.0,4.8,9.9,5.4,3.0,7.2,3.2,41.1
PRJ-0327,Kegalle,Residential,Loam,11533.0,3.0,6.0,1.0,215296000.0,52123.0,125431000.0,23.0,10.0,43.0,0,4.9,2.6,4.8,10.4,5.8,2.8,7.1,3.0,41.4
PRJ-0328,Matara,Residential,Clay,4410.0,1.0,3.0,1.0,36154000.0,3573.0,20264000.0,15.0,2.0,55.0,0,3.5,2.3,3.9,5.3,2.8,2.1,4.9,1.8,26.6
PRJ-0329,Galle,Residential,Sandy,10684.0,2.0,4.0,1.0,159572000.0,37787.0,99740000.0,1.0,1.0,16.0,0,4.3,2.7,4.8,8.8,5.0,2.4,6.4,2.9,37.3
PRJ-0330,Kalutara,Residential,Rocky,7694.0,5.0,10.0,5.0,310956000.0,66395.0,193477000.0,21.0,2.0,19.0,1,5.0,3.2,7.9,13.1,7.0,4.2,8.1,2.4,50.9
PRJ-0331,Kurunegala,Industrial,Alluvial,14267.0,3.0,9.0,3.0,342976000.0,36542.0,202965000.0,25.0,7.0,35.0,1,6.4,2.9,6.0,12.9,7.3,3.3,8.7,3.9,51.4
PRJ-0332,Colombo,Residential,Rocky,14759.0,3.0,8.0,4.0,337197000.0,58249.0,187488000.0,7.0,10.0,59.0,0,5.3,3.9,6.8,11.9,6.6,3.3,7.7,3.5,49.0
PRJ-0333,Trincomalee,Residential,Sandy,8111.0,2.0,6.0,2.0,92275000.0,35212.0,49672000.0,23.0,1.0,18.0,0,3.5,2.4,4.5,8.0,4.4,2.7,6.2,2.4,34.1
PRJ-0334,Mannar,Residential,Rocky,905.0,1.0,3.0,1.0,7897000.0,1257.0,4074000.0,27.0,6.0,15.0,0,3.8,2.3,4.2,4.1,2.1,2.0,4.3,1.2,24.0
PRJ-0335,Anuradhapura,Mixed-Use,Loam,6339.0,5.0,10.0,4.0,268401000.0,47629.0,148489000.0,13.0,7.0,30.0,0,6.6,1.9,5.1,11.6,6.1,4.0,7.4,2.3,45.0
PRJ-0336,Monaragala,Residential,Laterite,10673.0,1.0,2.0,1.0,63614000.0,22135.0,35750000.0,12.0,9.0,46.0,0,4.4,2.7,4.1,7.7,4.3,2.1,4.9,2.9,33.1
PRJ-0337,Ratnapura,Residential,Clay,13089.0,4.0,14.0,7.0,299100000.0,94459.0,179871000.0,18.0,8.0,31.0,1,5.5,3.3,7.3,14.4,7.6,4.5,9.4,3.2,55.2
PRJ-0338,Monaragala,Mixed-Use,Laterite,13008.0,4.0,12.0,4.0,320676000.0,84026.0,191996000.0,24.0,6.0,15.0,0,5.9,2.9,5.9,12.8,6.8,3.8,8.1,3.3,49.5
PRJ-0339,Batticaloa,Industrial,Loam,11628.0,2.0,8.0,3.0,248287000.0,44580.0,126755000.0,19.0,3.0,42.0,0,5.1,2.6,4.3,9.4,5.2,2.9,6.8,3.4,39.7
PRJ-0340,Nuwara Eliya,Industrial,Alluvial,7587.0,2.0,7.0,3.0,116505000.0,30501.0,65160000.0,15.0,8.0,38.0,0,6.2,2.2,4.1,8.0,4.2,2.9,6.3,2.8,36.7
PRJ-0341,Nuwara Eliya,Residential,Sandy,2937.0,2.0,9.0,5.0,42169000.0,8456.0,22234000.0,8.0,7.0,47.0,0,5.0,1.8,3.9,6.6,3.2,3.5,5.8,1.6,31.4
PRJ-0342,Vavuniya,Residential,Rocky,12408.0,4.0,16.0,9.0,282449000.0,72718.0,147868000.0,19.0,3.0,23.0,0,4.6,3.8,7.1,12.9,6.7,5.0,8.5,3.2,51.8
PRJ-0343,Anuradhapura,Commercial,Alluvial,5245.0,1.0,3.0,1.0,49033000.0,7031.0,30601000.0,10.0,9.0,10.0,0,5.3,1.9,3.2,5.6,3.1,2.0,5.2,2.1,28.4
PRJ-0344,Monaragala,Mixed-Use,Clay,4330.0,1.0,4.0,2.0,40669000.0,9324.0,20590000.0,7.0,12.0,50.0,0,4.2,2.4,3.8,5.3,2.9,2.3,5.1,2.0,28.0
PRJ-0345,Matara,Commercial,Alluvial,2086.0,2.0,5.0,2.0,41726000.0,7410.0,23487000.0,18.0,2.0,56.0,1,4.6,1.6,3.5,6.2,3.0,2.5,5.5,1.7,28.6
PRJ-0346,Gampaha,Commercial,Rocky,12171.0,5.0,14.0,6.0,602756000.0,55774.0,316586000.0,16.0,3.0,42.0,0,6.1,3.5,7.6,13.9,7.4,4.6,8.7,3.4,55.2
PRJ-0347,Badulla,Residential,Clay,14150.0,1.0,4.0,1.0,75628000.0,28415.0,47789000.0,20.0,2.0,53.0,0,3.3,3.5,5.1,8.8,5.1,2.1,5.5,3.4,36.8
PRJ-0348,Colombo,Commercial,Sandy,7852.0,4.0,13.0,6.0,192285000.0,46257.0,112209000.0,27.0,1.0,46.0,0,5.3,2.5,5.5,11.1,5.7,4.2,7.5,2.6,44.4
PRJ-0349,Ampara,Residential,Rocky,4454.0,3.0,13.0,4.0,102156000.0,11976.0,54624000.0,6.0,4.0,32.0,0,4.5,2.7,5.6,8.7,4.2,3.8,6.7,1.8,38.0
PRJ-0350,Colombo,Residential,Clay,7902.0,3.0,13.0,5.0,145971000.0,37209.0,83986000.0,27.0,5.0,5.0,0,4.8,2.8,5.5,10.0,5.1,3.9,7.0,2.3,41.4
PRJ-0351,Matale,Residential,Loam,3159.0,3.0,13.0,7.0,61085000.0,13116.0,37245000.0,9.0,6.0,39.0,0,5.3,1.5,3.8,8.2,3.9,4.2,6.6,1.6,35.1
PRJ-0352,Trincomalee,Residential,Sandy,8905.0,5.0,23.0,8.0,206604000.0,90335.0,132995000.0,21.0,5.0,44.0,0,6.0,2.5,6.2,13.7,6.6,5.5,8.8,2.5,51.8
PRJ-0353,Anuradhapura,Residential,Rocky,9436.0,2.0,6.0,1.0,106968000.0,20487.0,57021000.0,13.0,1.0,12.0,0,3.9,3.4,5.7,8.5,4.6,2.5,6.3,2.7,37.6
PRJ-0354,Kandy,Residential,Clay,7241.0,4.0,11.0,3.0,134727000.0,56684.0,85272000.0,25.0,3.0,56.0,0,4.5,2.6,5.9,10.6,5.6,3.7,7.2,2.3,42.4
PRJ-0355,Kalutara,Commercial,Laterite,5847.0,5.0,18.0,10.0,309026000.0,46214.0,197822000.0,21.0,1.0,58.0,0,5.9,2.2,5.6,12.0,5.9,5.6,8.0,2.3,47.5
PRJ-0356,Kurunegala,Residential,Alluvial,9027.0,4.0,12.0,5.0,202035000.0,31647.0,128790000.0,26.0,11.0,51.0,1,4.4,2.4,5.9,13.0,6.7,4.1,8.6,2.5,47.6
PRJ-0357,Kurunegala,Commercial,Alluvial,6003.0,4.0,15.0,6.0,210346000.0,51880.0,125222000.0,8.0,5.0,60.0,0,6.7,2.1,4.8,10.6,5.2,4.4,7.3,2.3,43.4
PRJ-0358,Mannar,Residential,Rocky,10467.0,2.0,8.0,4.0,97875000.0,31771.0,58184000.0,16.0,5.0,11.0,0,4.7,3.5,5.9,9.2,4.9,3.2,6.7,2.8,40.9
PRJ-0359,Batticaloa,Residential,Clay,12949.0,3.0,12.0,6.0,291384000.0,46897.0,163315000.0,13.0,12.0,15.0,0,4.3,3.3,6.1,11.7,6.3,4.0,7.8,3.2,46.7
PRJ-0360,Badulla,Residential,Laterite,2598.0,2.0,6.0,2.0,30935000.0,7571.0,18959000.0,13.0,11.0,43.0,1,3.9,1.7,3.7,6.2,3.1,2.7,5.6,1.5,28.4
PRJ-0361,Nuwara Eliya,Residential,Clay,10837.0,5.0,12.0,6.0,462774000.0,108424.0,268267000.0,17.0,6.0,8.0,0,6.0,3.2,6.8,13.1,7.1,4.5,8.2,3.0,51.9
PRJ-0362,Kalutara,Residential,Clay,10400.0,5.0,16.0,8.0,441820000.0,63797.0,265806000.0,23.0,8.0,29.0,0,5.7,3.0,6.9,13.8,6.9,5.1,8.5,2.8,52.7
PRJ-0363,Hambantota,Residential,Sandy,6091.0,5.0,12.0,5.0,181628000.0,32579.0,102487000.0,20.0,10.0,16.0,0,5.9,2.3,5.8,11.8,5.9,4.3,7.5,2.0,45.5
PRJ-0364,Matale,Residential,Loam,6295.0,2.0,9.0,3.0,107699000.0,12347.0,65667000.0,5.0,12.0,30.0,0,4.1,1.9,3.6,7.8,3.9,3.1,6.2,2.2,32.8
PRJ-0365,Kegalle,Mixed-Use,Laterite,10700.0,4.0,12.0,6.0,442129000.0,52088.0,275743000.0,22.0,1.0,42.0,0,5.0,2.8,5.6,12.0,6.3,4.3,7.8,3.1,46.9
PRJ-0366,Kurunegala,Residential,Rocky,14473.0,4.0,9.0,4.0,475546000.0,109536.0,248219000.0,21.0,4.0,50.0,0,4.5,3.9,7.4,12.9,7.2,3.8,8.2,3.5,51.4
PRJ-0367,Batticaloa,Industrial,Loam,11930.0,1.0,2.0,1.0,138659000.0,17421.0,86653000.0,28.0,10.0,16.0,1,5.4,2.6,4.1,8.3,4.9,2.0,6.4,3.4,37.1
PRJ-0368,Badulla,Residential,Sandy,7084.0,5.0,19.0,8.0,199080000.0,39616.0,115674000.0,17.0,11.0,47.0,0,5.1,2.4,6.0,12.6,6.2,5.3,8.2,2.2,48.0
PRJ-0369,Kalutara,Commercial,Alluvial,8085.0,4.0,15.0,4.0,286822000.0,33396.0,179751000.0,28.0,1.0,55.0,0,5.3,2.2,5.1,11.2,5.6,4.1,7.8,2.6,43.9
PRJ-0370,Colombo,Commercial,Loam,2100.0,1.0,3.0,1.0,12607000.0,2658.0,7119000.0,9.0,9.0,57.0,1,5.4,1.4,2.7,4.5,2.4,2.1,3.8,1.7,24.0
PRJ-0371,Polonnaruwa,Commercial,Loam,7669.0,4.0,8.0,4.0,188931000.0,64907.0,105207000.0,2.0,11.0,41.0,0,6.1,2.1,4.8,10.6,5.6,3.6,7.1,2.5,42.4
PRJ-0372,Badulla,Residential,Clay,10235.0,5.0,16.0,4.0,460320000.0,65516.0,293343000.0,25.0,7.0,50.0,1,5.8,3.0,7.2,14.1,7.2,4.4,8.8,2.8,53.3
PRJ-0373,Ratnapura,Residential,Laterite,12968.0,3.0,8.0,3.0,232252000.0,84942.0,124876000.0,26.0,7.0,57.0,0,4.8,3.0,5.5,11.1,6.2,3.2,7.3,3.2,44.3
PRJ-0374,Colombo,Residential,Rocky,3897.0,5.0,20.0,9.0,153285000.0,28825.0,96053000.0,18.0,12.0,28.0,0,5.0,2.7,6.6,11.6,5.3,5.4,7.9,1.7,46.2
PRJ-0375,Kalutara,Mixed-Use,Sandy,5416.0,2.0,7.0,2.0,101274000.0,11383.0,57990000.0,9.0,5.0,20.0,0,5.4,2.2,4.1,7.2,3.7,2.8,5.8,2.1,33.3
PRJ-0376,Puttalam,Industrial,Clay,14894.0,4.0,12.0,7.0,697370000.0,121988.0,402462000.0,6.0,7.0,17.0,1,7.3,3.5,7.5,15.0,8.0,4.5,9.3,4.0,59.1
PRJ-0377,Mullaitivu,Mixed-Use,Rocky,809.0,4.0,10.0,3.0,33453000.0,4674.0,18274000.0,11.0,12.0,29.0,1,5.4,2.4,5.9,8.8,4.2,3.6,6.4,1.3,38.0
PRJ-0378,Jaffna,Residential,Rocky,14071.0,2.0,9.0,3.0,157222000.0,50474.0,92125000.0,25.0,2.0,58.0,0,3.5,3.8,6.2,10.4,5.7,3.1,7.4,3.4,43.5
PRJ-0379,Monaragala,Commercial,Sandy,11417.0,2.0,6.0,2.0,133624000.0,49714.0,73330000.0,29.0,4.0,58.0,0,4.4,3.0,4.9,9.3,5.1,2.7,6.7,3.3,39.4
PRJ-0380,Kalutara,Mixed-Use,Alluvial,6552.0,3.0,12.0,4.0,143546000.0,17106.0,72619000.0,6.0,7.0,56.0,0,5.9,2.1,4.4,9.4,4.7,3.7,6.9,2.3,39.4
PRJ-0381,Matara,Residential,Clay,10652.0,4.0,9.0,2.0,216677000.0,39854.0,117179000.0,6.0,3.0,58.0,0,5.0,3.2,6.2,11.8,6.3,3.2,7.6,2.8,46.1
PRJ-0382,Batticaloa,Residential,Loam,11623.0,4.0,13.0,6.0,213906000.0,84087.0,107158000.0,13.0,2.0,8.0,1,4.8,2.4,5.7,13.4,7.1,4.4,8.7,3.1,49.6
PRJ-0383,Kegalle,Commercial,Alluvial,7095.0,3.0,6.0,3.0,162881000.0,25426.0,105344000.0,11.0,10.0,15.0,0,6.3,2.2,4.5,8.9,4.7,3.2,6.4,2.5,38.7
PRJ-0384,Puttalam,Commercial,Loam,5615.0,1.0,3.0,1.0,56338000.0,5941.0,36330000.0,14.0,2.0,36.0,0,4.4,1.9,3.1,5.6,3.2,2.0,5.2,2.3,27.7
PRJ-0385,Ampara,Industrial,Rocky,1872.0,3.0,14.0,6.0,55413000.0,4802.0,30991000.0,2.0,1.0,53.0,0,6.1,2.4,5.2,8.0,3.7,4.0,6.3,1.9,37.6
PRJ-0386,Monaragala,Residential,Loam,4025.0,5.0,15.0,7.0,118888000.0,16716.0,72433000.0,8.0,5.0,11.0,0,6.3,1.7,4.9,11.3,5.6,4.9,7.6,1.8,44.1
PRJ-0387,Ratnapura,Commercial,Sandy,13946.0,4.0,8.0,4.0,519108000.0,105113.0,286481000.0,3.0,12.0,50.0,0,6.0,3.2,6.2,12.8,7.1,3.6,7.9,3.7,50.5
PRJ-0388,Gampaha,Residential,Alluvial,2116.0,2.0,4.0,1.0,23463000.0,4182.0,14093000.0,23.0,6.0,15.0,0,4.5,1.5,3.4,5.9,3.0,2.4,5.0,1.4,27.1
PRJ-0389,Jaffna,Residential,Loam,6499.0,5.0,15.0,5.0,148330000.0,47274.0,92085000.0,21.0,6.0,32.0,1,5.9,2.0,5.6,12.7,6.3,4.5,8.3,2.1,47.4
PRJ-0390,Gampaha,Residential,Laterite,13137.0,4.0,9.0,3.0,417210000.0,86613.0,267854000.0,3.0,9.0,58.0,0,6.0,3.0,5.9,12.6,7.0,3.5,7.8,3.3,49.1
PRJ-0391,Kurunegala,Industrial,Sandy,7607.0,3.0,6.0,3.0,233449000.0,31942.0,130739000.0,1.0,4.0,45.0,0,6.1,2.4,4.9,8.9,5.0,3.2,6.5,2.7,39.7
PRJ-0392,Matara,Commercial,Sandy,7474.0,5.0,21.0,11.0,370447000.0,31314.0,228749000.0,24.0,1.0,27.0,1,5.9,2.5,6.4,14.0,6.6,6.0,9.2,2.6,53.2
PRJ-0393,Colombo,Residential,Clay,4483.0,4.0,13.0,4.0,83836000.0,34015.0,45262000.0,19.0,6.0,49.0,0,5.5,2.3,5.4,10.0,4.9,4.0,6.9,1.8,40.8
PRJ-0394,Hambantota,Residential,Rocky,8027.0,1.0,2.0,1.0,66360000.0,6540.0,43038000.0,18.0,5.0,27.0,1,4.1,3.1,5.4,6.8,3.9,2.0,5.5,2.4,33.2
PRJ-0395,Kilinochchi,Industrial,Sandy,4073.0,1.0,4.0,2.0,41557000.0,7603.0,20939000.0,17.0,10.0,54.0,0,5.7,2.1,3.5,5.2,2.7,2.2,4.9,2.2,28.5
PRJ-0396,Monaragala,Residential,Laterite,7800.0,2.0,4.0,2.0,109750000.0,31990.0,64811000.0,20.0,6.0,32.0,0,4.6,2.4,4.3,7.9,4.3,2.6,6.0,2.3,34.4
PRJ-0397,Trincomalee,Industrial,Loam,945.0,4.0,19.0,11.0,38689000.0,5315.0,23172000.0,29.0,3.0,47.0,0,5.9,1.3,4.0,9.3,4.0,5.5,7.0,1.6,38.6
PRJ-0398,Galle,Residential,Alluvial,5810.0,1.0,2.0,1.0,48746000.0,9004.0,29404000.0,24.0,2.0,51.0,1,3.1,2.0,3.4,5.8,3.4,2.0,5.1,2.0,26.8
PRJ-0399,Jaffna,Residential,Clay,3840.0,3.0,13.0,5.0,82267000.0,16909.0,42619000.0,13.0,6.0,30.0,0,5.3,2.3,4.8,8.5,4.0,3.9,6.5,1.7,37.0
PRJ-0400,Ratnapura,Residential,Laterite,10454.0,4.0,15.0,7.0,297491000.0,56238.0,190626000.0,3.0,1.0,29.0,0,5.2,2.7,5.6,12.0,6.2,4.7,8.1,2.9,47.4
PRJ-0401,Kalutara,Residential,Laterite,13668.0,3.0,13.0,6.0,367316000.0,83746.0,193641000.0,30.0,7.0,58.0,0,4.7,3.0,5.5,11.9,6.3,4.1,8.1,3.3,46.9
PRJ-0402,Puttalam,Commercial,Laterite,10576.0,3.0,14.0,4.0,313524000.0,65090.0,186049000.0,1.0,7.0,33.0,0,6.5,2.7,5.2,11.1,5.7,3.9,7.6,3.1,45.8
PRJ-0403,Mullaitivu,Residential,Laterite,1282.0,1.0,2.0,1.0,8321000.0,1628.0,4438000.0,4.0,10.0,23.0,0,4.6,1.6,2.9,4.4,2.1,2.0,3.6,1.3,22.5
PRJ-0404,Kegalle,Residential,Laterite,3979.0,4.0,19.0,9.0,122287000.0,26438.0,66779000.0,25.0,7.0,37.0,0,5.3,2.0,4.8,10.5,4.7,5.2,7.6,1.7,41.8
PRJ-0405,Vavuniya,Industrial,Rocky,2049.0,5.0,15.0,5.0,89666000.0,21491.0,52183000.0,13.0,12.0,40.0,0,6.7,2.5,6.3,10.7,5.0,4.5,7.1,1.8,44.6
PRJ-0406,Galle,Residential,Clay,13760.0,1.0,3.0,1.0,76092000.0,29541.0,42808000.0,17.0,11.0,18.0,0,3.4,3.6,5.0,8.5,5.0,2.1,5.2,3.4,36.2
PRJ-0407,Mullaitivu,Residential,Clay,1430.0,1.0,3.0,1.0,10276000.0,2163.0,5385000.0,28.0,10.0,18.0,1,3.9,2.0,3.7,4.4,2.1,2.0,4.1,1.3,23.5
PRJ-0408,Kandy,Industrial,Alluvial,9653.0,4.0,14.0,8.0,469041000.0,55368.0,246547000.0,30.0,1.0,39.0,1,5.7,2.4,6.0,13.3,6.8,4.8,8.7,3.1,50.8
PRJ-0409,Vavuniya,Commercial,Rocky,12495.0,4.0,9.0,2.0,542353000.0,59485.0,305194000.0,11.0,4.0,34.0,1,5.7,3.8,7.9,13.6,7.6,3.3,8.7,3.5,54.1
PRJ-0410,Polonnaruwa,Residential,Laterite,3652.0,3.0,10.0,3.0,66159000.0,23472.0,40595000.0,2.0,7.0,32.0,0,5.6,1.9,4.3,8.3,4.0,3.3,6.2,1.6,35.2
PRJ-0411,Colombo,Mixed-Use,Loam,11458.0,4.0,14.0,6.0,362335000.0,45829.0,229972000.0,25.0,11.0,21.0,0,5.0,2.6,5.3,12.4,6.5,4.4,8.2,3.1,47.5
PRJ-0412,Matara,Commercial,Clay,1787.0,3.0,12.0,4.0,36538000.0,8641.0,18730000.0,16.0,9.0,7.0,0,6.1,2.1,4.6,7.8,3.6,3.6,6.3,1.6,35.7
PRJ-0413,Batticaloa,Residential,Clay,8422.0,1.0,4.0,2.0,75632000.0,10069.0,42276000.0,2.0,5.0,20.0,0,4.7,2.8,4.5,6.8,3.8,2.3,5.6,2.5,33.0
PRJ-0414,Trincomalee,Residential,Rocky,8127.0,2.0,6.0,3.0,144905000.0,19352.0,74631000.0,29.0,2.0,50.0,0,3.4,3.2,5.5,8.2,4.4,2.9,6.2,2.5,36.3
PRJ-0415,Batticaloa,Commercial,Loam,10538.0,5.0,14.0,4.0,488884000.0,72025.0,245659000.0,19.0,7.0,34.0,0,7.0,2.5,5.8,13.2,7.0,4.3,8.3,3.1,51.2
PRJ-0416,Mannar,Commercial,Sandy,9641.0,1.0,2.0,1.0,97855000.0,21194.0,58640000.0,23.0,10.0,56.0,0,5.0,2.7,4.2,7.0,4.0,2.0,5.8,3.0,33.7
PRJ-0417,Anuradhapura,Residential,Loam,9960.0,4.0,10.0,4.0,307483000.0,34938.0,181528000.0,19.0,1.0,33.0,1,4.6,2.4,5.4,12.2,6.4,3.7,7.8,2.7,45.2
PRJ-0418,Ratnapura,Industrial,Clay,11629.0,5.0,10.0,4.0,583595000.0,93611.0,306068000.0,25.0,7.0,49.0,0,7.2,3.1,6.8,13.4,7.3,4.0,8.1,3.5,53.4
PRJ-0419,Ampara,Commercial,Loam,1900.0,2.0,6.0,3.0,22515000.0,3479.0,12047000.0,16.0,6.0,19.0,0,5.6,1.4,3.0,6.1,2.9,2.9,5.3,1.7,28.9
PRJ-0420,Gampaha,Residential,Sandy,7452.0,2.0,5.0,2.0,97568000.0,15147.0,49131000.0,22.0,7.0,50.0,1,4.6,2.4,4.7,8.2,4.6,2.6,6.3,2.3,35.7
PRJ-0421,Gampaha,Residential,Laterite,9432.0,3.0,14.0,7.0,213254000.0,40050.0,133335000.0,19.0,10.0,60.0,0,5.1,2.6,5.0,10.6,5.2,4.2,7.5,2.7,42.9
PRJ-0422,Ratnapura,Residential,Sandy,8221.0,5.0,18.0,9.0,310297000.0,62259.0,200515000.0,9.0,3.0,29.0,0,5.4,2.6,6.0,13.1,6.4,5.4,8.2,2.4,49.5
PRJ-0423,Monaragala,Commercial,Loam,5816.0,3.0,9.0,3.0,134765000.0,20280.0,70121000.0,1.0,3.0,55.0,0,5.6,1.9,4.1,9.0,4.6,3.3,6.6,2.3,37.4
PRJ-0424,Anuradhapura,Residential,Clay,1569.0,1.0,3.0,1.0,13709000.0,1950.0,7330000.0,10.0,7.0,42.0,0,4.5,2.1,3.6,4.2,2.2,2.0,4.4,1.3,24.3
PRJ-0425,Mullaitivu,Commercial,Clay,2143.0,5.0,12.0,6.0,70359000.0,9877.0,44345000.0,19.0,2.0,46.0,0,6.1,2.1,5.8,10.2,5.0,4.5,6.9,1.7,42.3
PRJ-0426,Monaragala,Commercial,Loam,14914.0,1.0,3.0,1.0,125867000.0,18262.0,80425000.0,1.0,1.0,51.0,0,4.8,3.0,4.1,9.0,5.3,2.0,6.4,3.9,38.5
PRJ-0427,Monaragala,Industrial,Loam,5158.0,3.0,11.0,6.0,164838000.0,33318.0,92795000.0,2.0,9.0,57.0,0,7.0,1.9,4.0,8.8,4.3,3.9,6.7,2.3,38.9
PRJ-0428,Kurunegala,Residential,Rocky,12721.0,5.0,17.0,6.0,485758000.0,135007.0,246568000.0,16.0,9.0,58.0,0,6.1,3.8,7.7,14.3,7.5,4.9,8.8,3.2,56.3
PRJ-0429,Polonnaruwa,Industrial,Sandy,12898.0,3.0,9.0,4.0,401892000.0,49096.0,203321000.0,12.0,7.0,56.0,0,6.6,3.2,5.7,11.1,6.1,3.5,7.7,3.6,47.5
PRJ-0430,Jaffna,Residential,Rocky,10569.0,5.0,24.0,8.0,303267000.0,84509.0,177743000.0,8.0,7.0,42.0,0,6.3,3.5,7.6,14.3,6.9,5.5,9.3,2.9,56.3
PRJ-0431,Nuwara Eliya,Industrial,Laterite,7580.0,3.0,13.0,5.0,165640000.0,47150.0,92582000.0,23.0,3.0,27.0,0,5.5,2.3,4.7,9.7,5.0,3.9,7.1,2.7,40.9
PRJ-0432,Ampara,Residential,Laterite,13000.0,2.0,7.0,2.0,191405000.0,21025.0,96525000.0,18.0,10.0,29.0,0,4.7,3.0,4.8,10.1,5.5,2.7,6.9,3.2,40.9
PRJ-0433,Monaragala,Residential,Clay,7402.0,3.0,11.0,6.0,159813000.0,42968.0,93888000.0,2.0,2.0,46.0,0,4.6,2.7,5.4,9.6,4.9,4.0,6.9,2.4,40.5
PRJ-0434,Kilinochchi,Commercial,Loam,14086.0,2.0,7.0,3.0,186890000.0,59942.0,93762000.0,25.0,11.0,11.0,1,4.5,2.8,5.1,11.1,6.4,2.9,7.7,3.7,44.2
PRJ-0435,Matale,Residential,Clay,12343.0,3.0,7.0,3.0,284128000.0,34358.0,175621000.0,29.0,7.0,26.0,1,4.7,3.3,6.6,11.9,6.6,3.2,8.0,3.2,47.5
PRJ-0436,Colombo,Residential,Sandy,13787.0,5.0,15.0,7.0,451405000.0,70729.0,246451000.0,13.0,9.0,21.0,1,6.2,3.2,7.6,16.0,8.0,4.9,9.9,3.4,59.2
PRJ-0437,Matara,Commercial,Alluvial,3149.0,5.0,10.0,4.0,147706000.0,33774.0,74745000.0,6.0,1.0,22.0,0,6.4,1.6,5.1,10.5,5.2,4.1,6.9,1.8,41.6
PRJ-0438,Badulla,Commercial,Clay,12594.0,5.0,17.0,9.0,650807000.0,97764.0,382839000.0,21.0,4.0,53.0,1,6.0,3.3,7.4,15.1,7.8,5.4,9.2,3.4,57.6
PRJ-0439,Mannar,Commercial,Loam,6499.0,4.0,14.0,6.0,171046000.0,21313.0,95726000.0,26.0,6.0,45.0,1,6.3,2.0,4.9,11.3,5.6,4.3,7.7,2.4,44.5
PRJ-0440,Mannar,Commercial,Rocky,2041.0,1.0,2.0,1.0,11700000.0,2369.0,7559000.0,6.0,7.0,14.0,0,5.4,2.5,4.3,4.4,2.3,2.1,3.6,1.7,26.3
PRJ-0441,Matale,Residential,Rocky,1925.0,5.0,24.0,8.0,77057000.0,13763.0,44819000.0,9.0,10.0,14.0,1,6.3,2.5,7.0,12.6,5.3,5.6,8.7,1.4,49.4
PRJ-0442,Galle,Residential,Loam,11593.0,2.0,9.0,4.0,167951000.0,41041.0,90910000.0,16.0,7.0,11.0,0,4.7,2.5,4.4,9.5,5.3,3.2,7.1,3.1,39.8
PRJ-0443,Kandy,Residential,Clay,10182.0,5.0,20.0,10.0,389379000.0,92983.0,236126000.0,11.0,10.0,52.0,1,6.1,3.1,7.0,14.4,7.0,5.8,9.0,2.7,55.1
PRJ-0444,Nuwara Eliya,Residential,Sandy,7564.0,4.0,14.0,5.0,250268000.0,66369.0,135326000.0,7.0,2.0,54.0,0,5.0,2.4,5.5,11.2,5.6,4.3,7.6,2.4,44.0
PRJ-0445,Vavuniya,Industrial,Loam,5901.0,2.0,9.0,2.0,134044000.0,14192.0,85203000.0,10.0,4.0,42.0,0,5.5,1.8,3.7,7.7,3.9,2.9,6.3,2.5,34.3
PRJ-0446,Polonnaruwa,Commercial,Clay,13123.0,4.0,9.0,4.0,578996000.0,81547.0,322042000.0,10.0,5.0,31.0,0,6.8,3.3,6.5,12.3,6.9,3.7,7.9,3.6,51.0
PRJ-0447,Ampara,Residential,Sandy,13831.0,2.0,8.0,2.0,191192000.0,42784.0,111366000.0,30.0,12.0,56.0,0,3.4,3.1,5.2,10.3,5.7,2.8,7.4,3.4,41.3
PRJ-0448,Kalutara,Residential,Clay,14852.0,3.0,7.0,3.0,298446000.0,60948.0,151487000.0,25.0,1.0,37.0,0,3.9,3.6,6.2,11.6,6.6,3.2,7.6,3.5,46.2
PRJ-0449,Ratnapura,Mixed-Use,Clay,13440.0,1.0,4.0,2.0,97504000.0,13935.0,54984000.0,20.0,1.0,5.0,1,3.7,3.4,5.5,9.1,5.3,2.4,6.2,3.5,39.1
PRJ-0450,Matara,Residential,Loam,8643.0,1.0,2.0,1.0,44871000.0,18742.0,28038000.0,18.0,10.0,48.0,1,4.2,2.2,3.6,7.0,3.9,2.0,4.5,2.4,29.8
PRJ-0451,Polonnaruwa,Commercial,Clay,872.0,4.0,18.0,6.0,30855000.0,6957.0,19156000.0,28.0,3.0,57.0,1,5.2,1.9,5.7,10.5,4.4,4.6,7.8,1.5,41.6
PRJ-0452,Trincomalee,Residential,Loam,6272.0,1.0,4.0,2.0,36042000.0,9393.0,19234000.0,24.0,10.0,38.0,0,3.9,1.8,3.1,6.2,3.2,2.4,4.3,2.2,27.1
PRJ-0453,Vavuniya,Commercial,Rocky,10906.0,4.0,9.0,4.0,471460000.0,71742.0,251718000.0,20.0,3.0,8.0,0,5.5,3.6,6.9,11.9,6.3,3.7,7.5,3.2,48.6
PRJ-0454,Puttalam,Residential,Laterite,5989.0,4.0,13.0,6.0,170671000.0,26787.0,106259000.0,29.0,12.0,21.0,0,4.3,2.1,5.1,10.6,5.2,4.4,7.3,2.1,41.1
PRJ-0455,Jaffna,Industrial,Sandy,3272.0,4.0,19.0,11.0,131337000.0,20434.0,83998000.0,9.0,8.0,8.0,1,7.3,2.0,5.3,10.8,4.9,5.5,7.7,2.0,45.5
PRJ-0456,Anuradhapura,Mixed-Use,Clay,12038.0,1.0,3.0,1.0,84407000.0,21343.0,43411000.0,15.0,9.0,47.0,0,4.8,3.3,4.9,7.9,4.7,2.1,5.6,3.2,36.5
PRJ-0457,Kurunegala,Commercial,Clay,1507.0,4.0,18.0,8.0,35670000.0,9170.0,20243000.0,4.0,11.0,58.0,0,6.0,2.0,5.1,9.6,4.2,5.0,7.0,1.4,40.3
PRJ-0458,Kegalle,Commercial,Rocky,2604.0,1.0,3.0,1.0,15112000.0,5693.0,8321000.0,8.0,12.0,30.0,0,4.5,2.6,4.3,4.8,2.4,2.1,3.8,1.8,26.3
PRJ-0459,Anuradhapura,Mixed-Use,Rocky,7504.0,4.0,12.0,6.0,221091000.0,49703.0,139421000.0,9.0,1.0,8.0,0,5.5,3.2,6.5,10.9,5.5,4.2,7.3,2.5,45.6
PRJ-0460,Ratnapura,Commercial,Clay,4513.0,5.0,14.0,4.0,137662000.0,29771.0,70556000.0,13.0,11.0,5.0,1,6.1,2.3,6.3,11.9,5.9,4.3,7.8,2.0,46.6
PRJ-0461,Matale,Residential,Alluvial,5851.0,4.0,10.0,5.0,169230000.0,44023.0,89974000.0,9.0,2.0,11.0,0,4.9,2.1,4.9,10.1,5.3,3.9,6.9,1.9,40.0
PRJ-0462,Badulla,Commercial,Clay,11556.0,2.0,8.0,3.0,244536000.0,24005.0,149869000.0,26.0,10.0,34.0,0,5.4,3.2,5.4,9.4,5.2,2.9,7.0,3.2,41.7
PRJ-0463,Ratnapura,Commercial,Loam,3275.0,4.0,12.0,5.0,138747000.0,17532.0,70441000.0,4.0,2.0,54.0,1,5.9,1.6,4.5,10.4,4.9,4.2,7.2,1.9,40.6
PRJ-0464,Hambantota,Residential,Rocky,4410.0,3.0,10.0,3.0,98771000.0,17010.0,56683000.0,17.0,4.0,13.0,0,4.1,2.8,5.6,8.5,4.2,3.4,6.4,1.8,36.8
PRJ-0465,Mannar,Commercial,Laterite,5055.0,4.0,13.0,7.0,137762000.0,28400.0,78017000.0,16.0,2.0,39.0,0,5.6,2.0,4.9,10.4,5.1,4.4,7.1,2.2,41.7
PRJ-0466,Badulla,Mixed-Use,Rocky,11815.0,2.0,7.0,2.0,227817000.0,44767.0,125336000.0,15.0,7.0,12.0,0,5.2,3.6,6.0,9.3,5.2,2.7,6.9,3.3,42.2
PRJ-0467,Colombo,Mixed-Use,Laterite,8197.0,2.0,9.0,3.0,160014000.0,24228.0,89478000.0,3.0,9.0,28.0,0,5.7,2.5,4.3,8.4,4.4,2.9,6.4,2.5,37.1
PRJ-0468,Colombo,Residential,Sandy,2535.0,1.0,4.0,1.0,13651000.0,4846.0,7911000.0,25.0,7.0,23.0,0,3.9,1.9,3.3,4.8,2.4,2.1,3.6,1.5,23.5
PRJ-0469,Ampara,Residential,Laterite,10577.0,5.0,16.0,8.0,413477000.0,84991.0,216747000.0,20.0,12.0,40.0,0,5.0,2.7,6.2,13.7,7.0,4.9,8.4,2.8,50.7
PRJ-0470,Gampaha,Mixed-Use,Clay,9058.0,4.0,17.0,8.0,241223000.0,46337.0,141308000.0,5.0,6.0,54.0,0,6.4,2.9,6.1,12.0,5.9,4.9,8.0,2.8,49.0
PRJ-0471,Monaragala,Industrial,Laterite,12053.0,1.0,4.0,2.0,136882000.0,23310.0,84978000.0,23.0,10.0,56.0,0,5.6,2.9,4.2,8.0,4.7,2.2,6.2,3.5,37.3
PRJ-0472,Trincomalee,Residential,Loam,8779.0,5.0,18.0,6.0,394509000.0,49760.0,242238000.0,5.0,1.0,47.0,0,5.5,2.1,5.5,13.1,6.5,4.9,8.5,2.6,48.7
PRJ-0473,Mullaitivu,Mixed-Use,Laterite,3228.0,4.0,19.0,9.0,68826000.0,14386.0,36002000.0,20.0,11.0,31.0,1,5.1,1.7,5.1,10.9,4.9,5.1,8.0,1.8,42.6
PRJ-0474,Matara,Industrial,Loam,13145.0,3.0,7.0,3.0,471383000.0,59401.0,246245000.0,15.0,10.0,36.0,0,6.6,2.7,5.0,11.1,6.1,3.2,7.3,3.7,45.7
PRJ-0475,Vavuniya,Residential,Rocky,8226.0,4.0,9.0,4.0,240260000.0,38339.0,129795000.0,18.0,9.0,18.0,0,5.6,3.1,6.6,10.7,5.8,3.7,7.1,2.4,45.0
PRJ-0476,Badulla,Commercial,Loam,9333.0,2.0,9.0,5.0,207198000.0,15170.0,114821000.0,15.0,5.0,22.0,0,5.6,2.2,4.0,8.8,4.7,3.5,6.5,2.9,38.2
PRJ-0477,Colombo,Residential,Rocky,6049.0,2.0,6.0,1.0,79757000.0,20659.0,44765000.0,2.0,11.0,32.0,0,4.3,3.0,5.4,7.4,3.9,2.6,5.9,2.1,34.6
PRJ-0478,Trincomalee,Residential,Clay,11766.0,3.0,13.0,6.0,293441000.0,53495.0,176638000.0,29.0,5.0,33.0,0,4.8,3.2,6.0,11.2,5.9,4.1,7.8,3.0,46.0
PRJ-0479,Galle,Residential,Clay,6091.0,1.0,4.0,1.0,29120000.0,8672.0,14808000.0,13.0,6.0,20.0,0,4.3,2.5,4.1,6.2,3.2,2.1,4.1,2.1,28.6
PRJ-0480,Matale,Industrial,Sandy,3617.0,5.0,10.0,4.0,152136000.0,38951.0,76859000.0,4.0,9.0,39.0,0,8.0,2.0,5.5,10.7,5.3,4.1,7.0,2.1,44.7
PRJ-0481,Monaragala,Residential,Clay,11653.0,4.0,18.0,6.0,223811000.0,74564.0,125063000.0,10.0,8.0,51.0,0,5.7,3.2,6.4,12.8,6.5,4.5,8.6,3.0,50.7
PRJ-0482,Ratnapura,Residential,Laterite,10224.0,2.0,6.0,2.0,181763000.0,41076.0,109889000.0,13.0,8.0,35.0,0,4.8,2.6,4.6,8.7,4.8,2.6,6.6,2.8,37.5
PRJ-0483,Kalutara,Residential,Sandy,4674.0,1.0,3.0,1.0,38216000.0,4652.0,20217000.0,10.0,8.0,8.0,0,4.4,2.2,3.5,5.2,2.9,2.1,4.8,1.9,27.0
PRJ-0484,Mannar,Residential,Alluvial,11393.0,3.0,11.0,5.0,284932000.0,54580.0,169884000.0,29.0,1.0,41.0,0,3.9,2.7,5.0,10.8,5.8,3.9,7.5,3.0,42.6
PRJ-0485,Trincomalee,Industrial,Sandy,10486.0,2.0,9.0,3.0,256051000.0,42262.0,138005000.0,9.0,1.0,21.0,0,5.6,2.8,4.8,9.3,5.0,3.0,6.8,3.2,40.5
PRJ-0486,Anuradhapura,Residential,Clay,14909.0,3.0,6.0,3.0,218400000.0,72294.0,138228000.0,8.0,8.0,43.0,0,5.5,3.6,6.2,11.5,6.6,3.1,7.4,3.6,47.5
PRJ-0487,Matale,Residential,Laterite,5011.0,4.0,13.0,5.0,124978000.0,36184.0,79280000.0,3.0,5.0,52.0,0,6.1,2.1,4.9,10.2,5.0,4.1,7.0,1.9,41.3
PRJ-0488,Monaragala,Commercial,Rocky,1461.0,5.0,20.0,6.0,44009000.0,9649.0,23967000.0,16.0,9.0,50.0,1,7.0,2.4,6.7,11.4,5.2,5.0,8.0,1.5,47.2
PRJ-0489,Mullaitivu,Residential,Loam,12875.0,2.0,8.0,4.0,140301000.0,23933.0,74991000.0,14.0,2.0,30.0,0,3.8,2.7,4.5,10.0,5.5,3.2,7.1,3.2,40.0
PRJ-0490,Batticaloa,Residential,Loam,14553.0,2.0,8.0,3.0,161019000.0,41944.0,90444000.0,9.0,9.0,52.0,0,4.8,2.8,4.7,10.4,5.9,3.0,7.5,3.4,42.5
PRJ-0491,Matale,Residential,Rocky,12611.0,4.0,9.0,3.0,333484000.0,68214.0,178774000.0,30.0,12.0,43.0,0,4.4,3.7,7.1,12.3,6.8,3.5,7.8,3.2,48.8
PRJ-0492,Ampara,Residential,Sandy,10860.0,1.0,2.0,1.0,61995000.0,21871.0,37250000.0,21.0,8.0,45.0,0,4.1,2.9,4.3,7.4,4.3,2.0,5.0,2.9,32.9
PRJ-0493,Kurunegala,Residential,Alluvial,11326.0,5.0,15.0,5.0,280568000.0,64648.0,175049000.0,11.0,9.0,8.0,0,6.2,2.6,6.1,13.6,7.2,4.4,8.5,2.9,51.5
PRJ-0494,Batticaloa,Residential,Alluvial,4174.0,2.0,8.0,2.0,43858000.0,17977.0,26357000.0,3.0,4.0,34.0,0,4.3,1.8,3.6,6.9,3.5,2.8,5.8,1.8,30.5
PRJ-0495,Polonnaruwa,Residential,Rocky,10008.0,5.0,14.0,5.0,258344000.0,107155.0,161117000.0,5.0,1.0,34.0,1,5.4,3.5,7.8,14.0,7.2,4.4,8.6,2.8,53.7
PRJ-0496,Matale,Industrial,Clay,13398.0,2.0,5.0,2.0,333085000.0,30727.0,186377000.0,29.0,1.0,26.0,0,4.9,3.5,5.6,9.8,5.7,2.6,6.8,3.7,42.6
PRJ-0497,Mannar,Residential,Rocky,1007.0,5.0,24.0,11.0,39861000.0,6481.0,20865000.0,10.0,5.0,15.0,1,6.2,2.4,6.5,11.7,4.8,6.0,8.2,1.2,47.0
PRJ-0498,Trincomalee,Commercial,Clay,3465.0,3.0,6.0,3.0,115059000.0,21349.0,70266000.0,13.0,2.0,6.0,0,5.3,2.3,4.8,7.8,3.9,3.1,5.9,1.9,35.0
PRJ-0499,Trincomalee,Commercial,Clay,3293.0,2.0,9.0,4.0,53337000.0,14181.0,29552000.0,4.0,8.0,48.0,0,6.0,2.3,4.3,6.8,3.3,3.2,5.8,1.8,33.5
PRJ-0500,Badulla,Residential,Sandy,7613.0,5.0,20.0,7.0,218975000.0,54083.0,131536000.0,24.0,10.0,16.0,0,5.7,2.5,5.9,12.8,6.3,5.2,8.5,2.3,49.2
